4000138	Lady Boss's Comb
4010006	Gold Ore
2000006	Mana Elixir
2000011	Mana Elixir Pill
2020016	Cheesecake
2022024	Takoyaki (Octopus Ball)
2022026	Yakisoba
2043705	Dark scroll for Wand for Magic Att.
2040716	Dark scroll for Shoes for Speed
2040908	Dark scroll for Shield for HP
2040510	Dark scroll for Overall Armor for DEF
1072239	Yellow Snowshoes
1422013	Leomite
1402016	Devil's Sunrise
1442020	Hellslayer
1432011	Fairfrozen
1332022	Angelic Betrayal
1312015	Vifennis
1382010	Dark Ritual
1372009	Magicodar
1082085	Red Willow
1472033	Casters
4000225	Kimono Piece
2000004	Elixir
2070013	Orange
2002005	Sniper Potion
2022018	Kinoko Ramen(roasted pork)
2040306	Dark scroll for Earring for DEX
2043704	Dark scroll for Wand for Magic Att.
2044605	Dark scroll for Crossbow for ATT
2041034	Dark scroll for Cape for STR
1032019	Crystal Flower Earrings
1102013	White Justice Cape
1322026	Colorful Tube
1092015	Steel Ancient Shield
1382016	Pyogo Mushroom
1002276	Red Falcon
1002403	Blue Arlic Helmet
1472027	Green Scarab
2022027	Yakisoba (x2)
2002008	Sniper Pill
2040813	Dark scroll for Gloves for HP
2041040	Dark scroll for Cape for LUK
1032026	Gold Emerald Earrings
1372011	Zhu-Ge-Liang Wand
2002011	Pain Reliever
4032024	Jumper Cable
4032025	T-1 Socket Adapter
4020006	Topaz Ore
4020008	Black Crystal Ore
4010001	Steel Ore
4004001	Wisdom Crystal Ore
2070006	Ilbi Throwing-Stars
2044404	Dark scroll for Pole Arm for ATT
2044702	Scroll for Claw for ATT
2044305	Dark scroll for Spear for ATT
1102029	White Seraph Cape
1032023	Strawberry Earrings
1402004	Blue Screamer
1072210	Red Rivers Boots
1040104	Orihalcon Platine
1060092	Orihalcon Platine Pants
1082129	Purple Imperial
1442008	The Gold Dragon
1072178	Purple Enigma Shoes
1050092	Green Oriental Fury Coat
1002271	Green Galaxy
1051053	Red Requierre
1382008	Kage
1002275	Blue Falcon
1051082	Red Anes
1050064	Dark Linnex
1472028	Blue Scarab
1072193	Brown Osfa Boots
1072172	Green Pirate Boots
1002285	Blood Nightfox
4000019	Snail Shell
2000000	Red Potion
2040002	Scroll for Helmet for DEF
2041001	Scroll for Cape for Magic Def.
2060000	Arrow for Bow
4010000	Bronze Ore
4020000	Garnet Ore
2061000	Arrow for Crossbow
1002067	Green Headband
2010009	Green Apple
4000000	Blue Snail Shell
2041006	Scroll for Cape for HP
4020001	Amethyst Ore
1040013	Blue One-lined T-Shirt
1041012	Red-Striped T-Shirt
1060004	Grey Thick Sweat Pants
1040017	Grey / Brown Training Shirt
1060013	Grey / Brown Training Pants
4000012	Green Mushroom Cap
2043102	Scroll for One-Handed Axe for ATT
2000003	Blue Potion
4020003	Emerald Ore
1322000	Mace
1041044	Red Nightshift
1061037	Red Nightshift Pants
4010004	Silver Ore
1092008	Pan Lid
1041017	Purple Arianne
1061012	Purple Arianne Skirt
1462002	Battle Crossbow
1041063	Grey Able Armor
1061059	Grey Able Skirt
1452003	Composite Bow
2048000	Scroll for Pet Equip. for Speed
1002033	Old Wisconsin
1302007	Long Sword
4020002	AquaMarine Ore
1032001	Single Earring
1002010	Brown Winter Hat
2000001	Orange Potion
1002143	Green Matty
1432005	Zeco
1412012	Iron Axe
1072285	Brown Lagger Slipper
1482001	Leather Arms
4000005	Leaf
2040802	Scroll for Gloves for DEX
1092003	Stolen Fence
1002039	Bronze Helmet
1442000	Pole Arm
1041061	Yellow Avelin
1061057	Yellow Avelin Skirt
1041018	Green Arianne
1061013	Green Arianne Skirt
1382000	Wooden Staff
1302006	Machete
1482000	Steel Knuckler
1002613	Brown Lagger Cap
4000006	Octopus Leg
2043002	Scroll for One-Handed Sword for ATT
1422000	Wooden Mallet
1092000	Steel Shield
4010003	Adamantium Ore
1041026	Yellow Arianne
1061022	Yellow Arianne Skirt
1040037	Brown Corporal
1060027	Brown Corporal Pants
4000018	Firewood
2043202	Scroll for One-Handed BW for ATT
1372001	Wizard Wand
1072008	Bronze Aroa Boots
4010005	Orihalcon Ore
4020004	Opal Ore
1312016	Contra Axe
1402001	Wooden Sword
1032003	Amethyst Earrings
1092007	Battle Shield
1040019	Orange Split Piece
1060015	White Split Pants
1041045	Brown Nightshift
1061038	Brown Nightshift Pants
1002118	Blue Robin Hat
1382004	Old Wooden Staff
1402009	Wooden Baseball Bat
1492001	Dellinger Special
4000195	Seedling
4020007	Diamond Ore
2040501	Scroll for Overall Armor for DEX
2040801	Scroll for Gloves for DEX
1041062	Yellow Able Armor
1061058	Brown Able Skirt
1050010	Green Plain Robe
2048001	Scroll for Pet Equip. for Speed
1041029	Black Split
1061027	Black Split Skirt
1072046	Orange High Boots
1072066	Blue Enamel Boots
1082018	Dark Savata
1002107	Red Thief Hood
1002113	Blue Feather Hat
1050003	Blue Wizard Robe
1082180	Green Lagger Halfglove
2044802	Scroll for Knuckler for ATT
4000011	Mushroom Spore
2041007	Scroll for Cape for HP
4010002	Mithril Ore
1332006	Field Dagger
1062000	Ice Jeans
1060007	Jean Capris
1061009	Green Avelin Skirt
1002610	Brown Rocky Bandana
4000017	Pig's Head
2041021	Scroll for Cape for LUK
2040702	Scroll for Shoes for DEX
1002008	Brown Skullcap
1062002	Brown Hard Leather Pants
1472000	Garnier
4000021	Leather
1061028	White Split Skirt
1041014	Orange Lolica Armor
1040034	Dark Nightshift
4000002	Pig's Ribbon
4003004	Stiff Feather
2040902	Scroll for Shield for DEF
1040011	Silver Leather Hoodwear
1060024	Dark Nightshift Pants
1402018	Wooden Samurai Sword
1040014	Orange Sporty T-Shirt
1492000	Pistol
1052098	Brown Cotton Lagger
4000001	Orange Mushroom Cap
2040705	Scroll for Shoes for Jump
1072004	White Gomushin
1002043	Bronze Koif
1432000	Spear
1312000	Double Axe
1082012	Basic Archer Gloves
1072015	Brown Hard Leather Boots
1072031	Red Ninja Sandals
1052095	Brown Rocky Suit
2330000	Bullet
2041015	Scroll for Cape for INT
2043302	Scroll for Dagger for ATT
2041004	Scroll for Cape for Weapon Def.
4020005	Sapphire Ore
4000037	Bubbling's Huge Bubble
1002075	Red Apprentice Hat
1040035	Blue Nightshift
1060025	Blue Nightshift Pants
1072019	Blue Jewelry Boots
1432008	Fish Spear
4006000	The Magic Rock
4000003	Tree Branch
2041008	Scroll for Cape for HP
2040402	Scroll for Topwear for DEF
1332000	Triangular Zamadar
1072007	Brown High Boots
1082003	Juno
1061014	Rookie Pants
4000016	Red Snail Shell
2041009	Scroll for Cape for MP
2040502	Scroll for Overall Armor for DEX
1322007	Leather Purse
1372002	Metal Wand
1082029	Brown Duo
1072060	Brown Woodsman Boots
1061029	Red Cloth Pants
4000324	Clover
2040601	Scroll for Bottomwear for DEF
1382002	Wizard Staff
1002119	Green Robin Hat
1332010	Iron Dagger
1050025	White Doros Robe
1082002	Work Gloves
1032009	Yellow Square
1050005	Blue Kendo Robe
4010007	Lidium Ore
1072288	Brown Skeedy Sandals
2040420	Scroll for Topwear for HP 100%
2049000	Clean Slate Scroll 1%
4000325	Carrot
2002002	Magic Potion
2044602	Scroll for Crossbow for ATT
1092021	Mystic Shield
1472006	Adamantium Igor
1060017	White Martial Arts Pants
1002129	Brown Loosecap
1041027	Red Shivermail
1061025	Red Shivermail Skirt
1082183	Brown Leather Armor Glove
2044210	Scroll for Two-Handed BW for Accuracy 100%
4000329	Cactus Stem
2044102	Scroll for Two-handed Axe for ATT
1051004	Purple Doroness Robe
1050024	Yellow Doros Robe
1032006	Lightning Earrings
1002048	Great Blue Helmet
1072027	Brown Jack Boots
1040044	Black Pao
1060033	Black Pao Bottom
1462003	Balanche
2022155	Desert Mist
1082186	Hard Leather Glove
2044901	Scroll for Gun for Attack 60%
2043212	Scroll for One-Handed BW for Accuracy 60%
4000330	Cactus Thorn
1322009	Plunger
1092002	Red Cross Shield
1432002	Forked Spear
1072054	Orange Whitebottom Boots
1082016	Blue Savata
1072078	Black Magicshoes
1061054	Blood Sneak Pants
1041058	Blood Sneak
1002096	Sky Blue Starry Bandana
1050011	Black Dragon Robe
1072291	Brown Wooden Krag
2044314	Scroll for Spear for Accuracy 10%
4000331	Cactus' Flower
2002003	Wizard Potion
2041002	Scroll for Cape for Magic Def.
1442001	Mithril Pole Arm
1322003	Lollipop
1092019	Nimble Wristguard
1072087	Black Lappy Boots
1040068	Dark Hunter's Armor
1060057	Dark Hunter's Pants
1082052	Blue Lutia
1002004	Great Brown Helmet
2043214	Scroll for One-Handed BW for Accuracy 10%
4000328	Snake Rattle
4006001	The Summoning Rock
2044002	Scroll for Two-handed Sword for ATT
1372004	Ice Wand
1002013	Golden Pride
1072086	Green Lappy Boots
1082020	Blue Morrican
1052101	Beige Carribean
1482003	Norman Grip
2040316	Scroll for Earring for DEX 100%
2040319	Scroll for Earring for LUK 100%
2044412	Scroll for Pole-Arm for Accuracy 60%
4000326	Earmuff
2002004	Warrior Potion
2044501	Scroll for Bow for ATT
1402002	Scimitar
1032004	Gold Earrings
1050001	Brown Doros Robe
1002055	Bronze Football Helmet
1040049	Blue Sneak
1060037	Dark Brown Sneak Pants
1082068	Bronze Scaler
1432001	Fork on a Stick
1492002	The Negotiator
2040926	Scroll for Shield for HP 100%
4000327	Ragged Scarf
2070002	Mokbi Throwing-Stars
1332004	Forked Dagger
1382017	Circle-Winded Staff
1041054	Green Huntress Armor
1061050	Green Huntress Pants
1002141	Red Matty
1051011	Red Engrit
1040059	Red Gold Stealer
1060045	Red / Gold Stealer Pants
1492003	Golden Hook
4000333	Telescope
4004002	DEX Crystal Ore
2043701	Scroll for Wand for Magic Att.
1332009	Cass
1412004	Niam
1040062	Red Knucklevest
1060051	Red Knucklevest Pants
1050029	Dark Chaos Robe
1002164	Brown Hawkeye
1082005	Steel Missel
2044801	Scroll for Knuckler for Attack 60%
2044014	Scroll for Two-Handed Sword for Accuracy 10%
2044214	Scroll for Two-Handed BW for Accuracy 10%
4000004	Squishy Liquid
2041018	Scroll for Cape for DEX
4000010	Slime Bubble
2040602	Scroll for Bottomwear for DEF
1002019	White Bandana
1412001	Metal Axe
1082019	Lemona
1072023	Beige Nitty
4000015	Horny Mushroom Cap
1002005	Iron Burgernet Helm
1041008	Green Able Armor
1061006	Green Able Armor Skirt
1072073	Yellow Windshoes
1050006	Red Kendo Robe
1462004	Eagle Crow
1060002	Blue Jean Shorts
1082000	Steel Fingerless Gloves
1002038	Brown Jester
1302004	Cutlus
1052104	Brown Turk Gally
4000350	Wooden Hammer
1002619	Brown Pitz Bandana
4000351	Scorpion Sting
2330001	Split Bullet
2043114	Scroll for One-Handed Axe for Accuracy 10%
2012002	Sap of Ancient Tree
2044202	Scroll for Two-handed BW for ATT
1051003	Brown Doroness Robe
1041028	Purple Shivermail
1061026	Purple Shivermail Skirt
1072085	Red Lappy Boots
1002097	Yellow Starry Bandana
1472009	Mithril Guards
1472012	Silver Guardian
2070009	Wooden Top
4000215	Axe
1002616	Brown Double Marine
2044012	Scroll for Two-Handed Sword for Accuracy 60%
4000034	Jr. Necki Skin
2010003	Orange
1332008	Coconut Knife
1072069	Red Jack Boots
1002027	Steel Sharp Helm
1041031	Purple Split
1041021	Brown Lamelle
1061018	Brown Ramel Skirt
2048003	Scroll for Pet Equip. for Jump
1482002	Double Tail Knuckler
2040617	Scroll for Bottomwear for Jump 100%
2049100	Chaos Scroll 60%
2020014	Sunrise Dew
2040001	Scroll for Helmet for DEF
2040301	Scroll for Earring for INT
2040401	Scroll for Topwear for DEF
2043201	Scroll for One-Handed BW for ATT
2041016	Scroll for Cape for INT
2043801	Scroll for Staff for Magic Att.
2044001	Scroll for Two-handed Sword for ATT
2070000	Subi Throwing-Stars
1002159	Black Hunter
1040041	Dark Master Sergeant
1051005	Red Doroness Robe
1041033	Red Bennis Chainmail
1041060	Gold Sneak
1082028	Dark Mesana
2040302	Scroll for Earring for INT
2043702	Scroll for Wand for Magic Att.
2044902	Scroll for Gun for ATT
2040418	Scroll for Topwear for STR 60%
2040928	Scroll for Shield for HP 10%
2044414	Scroll for Pole-Arm for Accuracy 10%
4000009	Blue Mushroom Cap
1051000	Steel Fitted Mail
1002127	Red Loosecap
1040012	Blue Sergeant
1060010	Steel Sergeant Kilt
1072020	Purple Jewelry Boots
2000002	White Potion
1072011	Mithril War Boots
1332001	Halfmoon Zamadar
1002178	Green Burgler
4000007	Evil Eye Tail
2002001	Speed Potion
2044402	Scroll for Pole Arm for ATT
1061056	Gold Sneak Pants
1002047	Great Red Helmet
1032008	Cat's Eye
1050026	White Wizard Robe
1051012	Blue Engrit
1041032	Green Bennis Chainmail
1062006	Bennis Chainpants
1040021	Red Hwarang Shirt
1041007	Green Avelin
1422001	Mithril Maul
1060071	Khaki Shadow Pants
2040823	Scroll for Gloves for HP 100%
2044010	Scroll for Two-Handed Sword for Accuracy 100%
4000008	Charm of the Undead
2002000	Dexterity Potion
2044302	Scroll for Spear for ATT
1032000	Weighted Earrings
1452001	Hunter's Bow
1412002	Iron Axe
1002158	Green Hunter
1040048	Brown Sneak
1060038	Brown Sneak Pants
1372003	Mithril Wand
1060018	Red Martial Arts Pants
1040026	Green Hwarang Shirt
1040009	Steel Corporal
1050030	Blue Chaos Robe
1050031	White Chaos Robe
1432003	Nakamaki
1002035	Pink Jester
1312007	Blue Counter
4000020	Wild Boar Tooth
1041013	Green Shivermail
1061024	Green Shivermail Skirt
1032002	Sapphire Earrings
1002064	Bronze Pride
1072039	Mithril Battle Grieves
1072033	Iron Chain Boots
1402006	Lionheart
1040079	Brown Piette
1060069	Brown Piette Pants
1002151	Brown Guiltian
1060050	Blue Knucklevest Pants
1452005	Ryden
1002166	Red Distinction
1412005	Sabretooth
4000097	Spiderweb
4131000	One-Handed Sword Forging Manual
2002006	Warrior Pill
4004003	LUK Crystal Ore
2040900	Scroll for Shield for DEF
1332020	Korean Fan
1402010	Aluminum Baseball Bat
1302003	Eloon
1312003	Misthil Axe
1082017	Red Savata
1002020	Red Starry Bandana
1050023	Blue Doros Robe
2044114	Scroll for Two-Handed Axe for Accuracy 10%
4000098	Sticky Spiderweb
4131010	Bow Production Manual
2002007	Magic Pill
1061034	Purple Fairy Skirt
1041041	Purple Fairy Top
1082043	Silver Sylvia
1002162	Blue Hawkeye
1050028	Green Wizard Robe
1082042	Steel Sylvia
2040929	Scroll for Shield for STR 100%
2043112	Scroll for One-Handed Axe for Accuracy 60%
4000161	Sea Horse Tail
1322004	Fusion Mace
1041042	Green Fairy Top
1061035	Green Fairy Skirt
1032005	Red Cross Earrings
2043015	Scroll for One-Handed Sword for Accuracy 100%
4000163	Sea Horse Horn
1332013	Stinger
1041040	Blue Qi Pao
1061033	Blue Qi Pao Pants
1002146	Red Tiberian
1041050	Purple Steal
1061046	Purple Steal Pants
1040040	Silver Master Sergeant
1060060	Silver Master Sergeant Kilt
2040417	Scroll for Topwear for STR 100%
4000162	Flamboyant Scale Skin
1402000	Two-Handed Sword
1082026	Ocean Mesana
1041034	Blue Bennis Chainmail
1072051	Silver War Boots
1041051	Red Amoria Top
1061047	Red Amoria Skirt
2043110	Scroll for One-Handed Axe for Accuracy 100%
4000160	Needle
1072065	Red Enamel Boots
1002131	Green Loosecap
2040623	Scroll for Bottomwear for DEX 100%
4000164	Bubble Fish's Thoughts
1032007	Emerald Earrings
2040701	Scroll for Shoes for DEX
1002034	Blue Jester
1060030	Dark Master Sergeant Kilt
1050021	Blue Crusader Chainmail
1051007	Red Avenger
1002065	Steel Pride
4000196	Wooden Board
1002121	Brown Robin Hat
1002058	Mithril Viking Helm
2040901	Scroll for Shield for DEF
1040020	Blue Split Piece
1060014	Black Split Pants
1072053	Gold War Boots
1082006	Orihalcon Missel
2044312	Scroll for Spear for Accuracy 60%
2044805	Scroll for Knuckle for Accuracy 100%
4000197	Slate
2044301	Scroll for Spear for ATT
1302002	Viking Sword
1040042	Blue Pao
1060031	Blue Pao Bottom
1041023	Sky Shark
1061019	Sky Shark Skirt
1082049	Green Marker
1082051	Red Lutia
4000165	Flamboyant Petal
2044601	Scroll for Crossbow for ATT
4004000	Power Crystal Ore
1040072	Red Legolier
1060061	Red Legolier Pants
1412000	Two-Handed Axe
1002160	Brown Hunter
1412006	Blue Axe
4000042	Stirge Wing
2010004	Lemon
1060009	Steel Corporal Pants
1040043	Red Pao
1060032	Red Pao Bottom
1041039	Pink Qi Pao
1061041	Purple Qi Pao Skirt
2048004	Scroll for Pet Equip. for Jump
2040024	Scroll for Helmet for INT 100%
4000063	Sentinel Shellpiece
1382018	Petal Staff
1312005	Fireman's Axe
1002137	Green Pole-Feather Hat
1040061	Green Knucklevest
2041005	Scroll for Cape for Weapon Def.
1082037	Bronze Wolfskin
1002622	White Oceania Cap
2040620	Scroll for Bottomwear for HP 100%
4000068	Fierry's Tentacle
2050000	Antidote
2050001	Eyedrop
2050002	Tonic
2050003	Holy Water
2050004	All Cure Potion
2381033	Fairy Card
4000106	Teddy's Cotton
4131003	Two-Handed Sword Forging Manual
1462000	Mountain Crossbow
1322014	War Hammer
1040058	Dark Silver Stealer
1060044	Dark Silver Stealer Pants
1072101	Blue Silky Boots
1052107	Brown Pollard
4000166	Shrimp Meat
1082046	Steel Arbion
1050002	Blood Chaos Robe
1072103	Red Silky Boots
1041052	Blue Amoria Top
1061048	Blue Amoria Skirt
1082189	Yellow Tartis
2040422	Scroll for Topwear for HP 10%
2040530	Scroll for Overall for STR 100%
4000334	Empty Sack
2044701	Scroll for Claw for ATT
1040000	Yellow Jangoon Armor
1060075	Brown Jangoon Pants
1002156	Red Hunter
4130005	Two-Handed Sword Forging Stimulator
4130009	Pole Arm Forging Stimulator
4000335	Kiyo's Beek
1472011	Bronze Guardian
1002181	Red Pilfer
1050022	Dark Crusader Chainmail
1082069	Mithril Scaler
1072294	Brown Paulie Boots
1332014	Gephart
4000032	Ligator Skin
1051013	Yellow Engrit
1072112	Mithril Trigger
1092012	Steel Tower Shield
4130002	One-Handed Sword Forging Stimulator
4130008	Spear Forging Stimulator
4130010	Wand Production Stimulator
4000107	Teddy's Yellow Ribbon
4131001	One-Handed Axe Forging Manual
2002009	Dexterity Pill
2041017	Scroll for Cape for INT
1041055	Black Huntress Armor
1061051	Black Huntress Pants
1082007	Bronze Missel
1072077	White Magicshoes
1082035	Yellow Briggon
1072090	Red Salt Shoes
1472014	Steel Avarice
4000095	Rat Trap
4131002	One-Handed Blunt Weapon Forging Manual
2044401	Scroll for Pole Arm for ATT
1002173	Green Guise
1072035	Silver Chain Boots
1040029	Blue Dragon
1060020	White Martial Arts Shorts
1312006	Dankke
1322016	Jacker
4130003	One-Handed Axe Forging Stimulator
4130004	One-Handed Blunt Weapon Forging Stimulator
4130011	Staff Production Stimulator
4000353	Gelatin
2044410	Scroll for Pole-Arm for Accuracy 100%
4130013	Crossbow Production Stimulator
4000352	Flaming Desert
4130001	Shoes Production Stimulator
4130006	Two-Handed Axe Forging Stimulator
2044502	Scroll for Bow for ATT
1060016	Black Martial Arts Pants
1002180	Dark Burgler
1060052	Black Knucklevest Pants
1040063	Black Knucklevest
1051025	Blue Moonlight
1002025	Red Duke
4000356	Flask
1072297	Brown Locote Shoes
2040324	Scroll for Earring for HP 100%
4130015	Claw Production Stimulator
1462005	Heckler
1002183	Green Pilfer
1002167	Blue Distinction
1040086	Blue Jangoon Armor
1041076	Dark Shadow
1061071	Dark Shadow Pants
1072000	Brown Jangoon Shoes
1032018	Pansy Earrings
1082082	Blue Pennance
1072129	Green Goni Shoes
1082010	Mithril Brist
2044112	Scroll for Two-Handed Axe for Accuracy 60%
2044310	Scroll for Spear for Accuracy 100%
2044809	Scroll for Knuckle for Accuracy 10%
4130016	Knuckler Production Stimulator
2070001	Wolbi Throwing-Stars
4000024	Fire Boar's Tooth
1060019	Brown Martial Arts Pants
1082044	Gold Sylvia
1072079	Red Hunter Boots
1072091	Black Salt Shoes
1372012	Crystal Wand
4130017	Gun Production Stimulator
4000073	Solid Horn
1002174	Brown Guise
1072041	Blood Battle Grieves
1072002	Steel Trigger
1040073	Blue Legolier
1060062	Blue Legolier Pants
1050035	Brown Starlight
1002145	Dark Matty
4130007	Two-Handed Mace Forging Stimulator
1332012	Reef Claw
1072083	Brown Hunter Boots
1002172	Blue Guise
1472013	Dark Guardian
1072089	Purple Salt Shoes
1082070	Gold Scaler
1051016	Silver Fitted Mail
1050036	Red Starlight
1051024	Red Moonlight
1492004	Cold Mind
4130012	Bow Production Stimulator
2070003	Kumbi Throwing-Stars
1302017	Sky Blue Umbrella
1002037	Black Jester
1002163	Green Hawkeye
1040028	Blue Sky
1041053	Black Amoria Top
1061049	Black Amoria Skirt
1041066	Blue Legolia
1061061	Blue Legolia Pants
1082045	Gold Arbion
1322015	Heavy Hammer
1032011	Blue Moon
1002628	Red Misty
2044807	Scroll for Knuckle for Accuracy 60%
4000108	Panda Doll
4131009	Staff Production Manual
1072080	Blue Hunter Boots
1051006	Dark Avenger
1050039	Dark Starlight
1002153	Red Guiltian
1082025	Dark Knuckle
1072126	Maroon Jangoon Shoes
1072115	Blue Moon Shoes
1332031	Dragon Toenail
1482005	Silver Maiden
2040923	Scroll for Shield for LUK 100%
4000109	Toy Duckling
4003005	Soft Feather
1040070	Blue Hunter's Armor
1060059	Blue Hunter's Pants
1040060	Silver Black Stealer
1060046	Silver / Black Stealer Pants
1082053	Black Lutia
1082071	Aqua Brace
1332011	Bazlud
1052110	Blue Brace Look
4130000	Gloves Production Stimulator
4000096	Hard Walnut
2002010	Speed Pill
2040703	Scroll for Shoes for Jump
1041043	Blue Fairy Top
1061036	Blue Fairy Skirt
1040057	Dark Brown Stealer
1060043	Dark Brown Stealer Pants
1002136	Dark Pole-Feather Hat
1040076	Brown Legolier
1060065	Brown Legolier Pants
1051015	Blood Fitted Mail
1050037	Green Starlight
1082075	Red Cleave
1382019	Hall Staff
1082192	Brown Jeweled
1052113	Red Barbay
4130014	Dagger Forging Stimulator
4000103	Propeller
4131006	Spear Forging Manual
2043001	Scroll for One-Handed Sword for ATT
1072036	Gold Chain Boots
1072082	Black Hunter Boots
1072003	Emerald Battle Grieves
1002179	Brown Burgler
1051026	Dark Moonlight
1002168	Green Distinction
1060000	Black Jangoon Pants
1040081	White Piette
1060070	Blue Piette Pants
1051032	Blue Calaf
1002207	Red Sonata
1072132	Emerald Hildon Boots
1002212	Red Maro
1492005	Shooting Star
4000113	Clock Spring
4131011	Crossbow Production Manual
2070008	Snowball
1082048	Brown Marker
1072076	Blue Magicshoes
1002139	Red Pole-Feather Hat
1041069	Brown Legolia
1061064	Brown Legolia Pants
1082055	Blue Noel
1050038	Blue Starlight
1082024	Adamantium Knuckle
1072107	Black Red-Lined Shoes
4000168	Sunflower Seed
1041065	Red Legolia
1061060	Red Legolia Pants
1051008	Blue Avenger
1082072	Gold Brace
1082076	Gold Cleave
1072117	Dark Moon Shoes
1072127	Blue Jangoon Shoes
1082195	Brown Barbee
4000153	Snorkle
4131008	Wand Production Manual
2022040	Air Bubble
1002023	Jousting Helmet
1032010	Star Earrings
1072119	Yellow Pierre Shoes
1072110	Black Blue-Lines Shoes
1082063	Blue Arten
1002625	Blue Den Marine
4000026	Lupin Doll
2041010	Scroll for Cape for MP
4000029	Lupin's Banana
1040075	Dark Legolier
1060064	Dark Legolier Pants
1051014	Sapphire Fitted Mail
1072109	Black Yellow-Lined Shoes
1072116	Gold Moon Shoes
1092013	Mithril Tower Shield
1472017	Dark Avarice
1041094	Light Mantis
1072300	Brown Leather Krag
2043101	Scroll for One-Handed Axe for ATT
1002098	Gold Nordic Helm
1002154	Dark Guiltian
1002170	Dark Distinction
1002185	Dark Pilfer
1040085	Maroon Jangoon Armor
1041086	Black Jangoon Armor
1040080	Dark Piette
1041083	Dark Piettra
1040084	Dark Shadow
1082064	Dark Arten
1082073	Dark Brace
1082074	Dark Cleave
1072118	Red Pierre Shoes
1322027	Frying Pan
2040004	Scroll for Helmet for HP
2040504	Scroll for Overall Armor for DEF
2044201	Scroll for Two-handed BW for ATT
1032013	Red-Hearted Earrings
4000013	Curse Eye Tail
1492006	Lunar Shooter
2040005	Scroll for Helmet for HP
4000035	Tablecloth
2048002	Scroll for Pet Equip. for Speed
1452000	Battle Bow
1051010	Dark Engrit
1082056	Dark Noel
1082047	Orihalcon Arbion
1072114	Red Moon Shoes
1472016	Adamantium Avarice
2040027	Scroll for Helmet for DEX 100%
4000043	Lorang Claw
2043301	Scroll for Dagger for ATT
2048005	Scroll for Pet Equip. for Jump
1072113	Dark Trigger
1050000	White Crusader Chainmail
1092014	Adamantium Tower Shield
1072121	Blue Pierre Shoes
1060068	Dark Piette Pants 
1041074	Purple Shadow
1061069	Purple Shadow Pants
1482006	Neozard
2040423	Scroll for Topwear for LUK 100%
4000100	Plastic Crown
4131013	Claw Production Manual
1072105	Green White-Lined Boots
1452006	Red Viper
1442003	Axe Pole Arm
1002093	Blue Duke
1040083	Marine Shadow
1060072	Marine Shadow Pants
1041082	Brown Piettra
1061081	Brown Piettra Skirt
1050045	Blue Calas
4000167	Hard Needle
1041056	Red Huntress Armor
1061052	Red Huntress Pants
1002135	Brown Pole-Feather Hat
1082023	Iron Knuckle
1002184	Brown Pilfer
1482004	Prime Hands
2044212	Scroll for Two-Handed BW for Accuracy 60%
4000059	Star Pixie's Starpiece
2041012	Scroll for Cape for STR
1082050	Black Marker
1072106	Blue White-Lined Boots
1072102	Green Silky Boots
1002176	Red Burgler
1051027	Brown Moonlight
1302009	Traus
1452007	Vaulter 2000
1002152	Blue Guiltian
4000067	Jr. Boogie Horn
2382021	Jr. Boogie Card
4000099	Bloctopus Key Chain
2041023	Scroll for Cape for LUK
1072040	Silver Battle Grieves
1472010	Adamantium Guards
1051009	Purple Avenger
1442009	Crescent Polearm
1040082	Khaki Shadow
1462006	Silver Crow
4000104	Motor
4131007	Pole Arm Forging Manual
1072104	Red White-Lined Boots
1041084	Red Jangoon Armor
1061083	Red Jangoon Skirt
1041081	White Piettra
1061080	White Piettra Skirt
1002092	Yellow Duke
1082080	Dark Penance
1472018	Steel Slain
1462007	Rower
1402003	Lion's Fang
4000105	Plane Controller
4131005	Two-Handed Mace Forging Manual
4000110	Toy Trojan Sword
1002099	Mithril Nordic Helm
1051033	Red Calaf
4000115	Cog
1072032	Bronze Chain Boots
1002182	Blue Pilfer
1002155	White Guiltian
1060074	White Jangoon Pants
4000123	Worn-Out Goggle
1040069	Red Hunter's Armor
1060058	Red Hunter's Pants
1002036	Green Jester
1082008	Steel Briggon
1072120	Brown Pierre Shoes
2044110	Scroll for Two-Handed Axe for Accuracy 100%
4000116	Small Egg
1422008	Sledgehammer
1372000	Fairy Wand
1041085	Brown Jangoon Armor
1061084	Brown Jangoon Skirt
1082065	Blue Moon Gloves
1082083	Dark Willow
2043210	Scroll for One-Handed BW for Accuracy 100%
4000127	Toy Drum
4004004	Dark Crystal Ore
1302013	Red Whip
1402008	Broadsword
1041049	Blue Steal
1061045	Blue Steal Pants
1040074	Green Legolier
1060063	Green Legolier Pants
1002144	Brown Matty
4000154	Toy Baby Seal
1082054	Red Noel
1002177	Blue Burgler
1051023	Purple Moonlight
1072122	Brown Steel-Tip Boots
1072128	Blue Goni Shoes
1082009	Steel Brist
2041019	Scroll for Cape for DEX
1002045	Blue Bone Helm
1061062	Green Legolia Pants
1041067	Green Legolia
1060073	Dark Shadow Pants
1002213	Green Maro
1002085	Mithril Crusader Helm
1032012	Skull Earrings
1040096	Brown China
1060085	Brown China Pants
4000357	Piece of Steel
1052116	Green Plasteer
2330002	Mighty Bullet
1382001	Arc Staff
1041077	Maroon Moon
4000358	Hardened Piece of Steel
1372007	Cromi
1002215	Flame Golden Circlet
1040089	Umber Shouldermail
4000359	Piece of Mithril
1082198	Brown Royce
4000014	Drake Skull
4000030	Dragon Skin
1002138	Blue Pole-Feather Hat
1050046	Red Calas
1302010	Jeweled Katar
1332016	Sai
1072133	Mithril Hildon Boots
1072125	Purple Steel-Tip Boots
2040025	Scroll for Helmet for INT 60%
2040621	Scroll for Bottomwear for HP 60%
4000045	Tortie Shell
2041013	Scroll for Cape for STR
2040805	Scroll for Gloves for ATT
1092004	Skull Shield
1072124	Blue Steel-Tip Boots
1072142	Purple Goldwind Shoes
1061088	Dark Shouldermail Pants
1041089	Dark Shouldermail
1061078	Brown Moon Pants
1041079	Brown Moon
1072303	Brown Double Boots
4000062	Dark Nependeath Seed
2041014	Scroll for Cape for STR
1041087	Red Shouldermail
1061086	Red Shouldermail Pants
1040095	Blue China
1060084	Blue China Pants
1082084	Blue Willow
4000124	Rombot's Memory Card
4005002	DEX Crystal
1472019	Blood Slain
1432004	Serpent's Tongue
1072140	Pink Goldwind Shoes
1312008	Buck
1492007	Mr. Rasfelt
2040516	Scroll for Overall Armor for LUK
2040704	Scroll for Shoes for Jump
2040804	Scroll for Gloves for ATT
1322017	Knuckle Mace
1412003	The Rising
1422005	Golden Mole
1442005	The Nine Dragons
1452008	Olympus
1332003	Shinkita
1472020	Sapphire Slain
1482007	Fury Claw
1382006	Thorns
2040029	Scroll for Helmet for DEX 60%
2040326	Scroll for Earring for HP 60%
4000023	Cold Eye Tail
1002103	Pink Moon Conehat
2070010	Icicle
1002169	Brown Distinction
1041075	Red Shadow
1061070	Red Shadow Pants
1082066	Brown Moon Gloves
4000031	Cursed Doll
1051001	Emerald Fitted Mail
1061085	Black Jangoon Skirt
1472015	Blood Avarice
1041068	Dark Legolia
4000036	Medicine With Weird Vibes
1002211	Blue Maro
1072141	Blue Goldwind Shoes
2040026	Scroll for Helmet for INT 10%
4000039	Iron Hog's Metal Hoof
1051034	Orange Calaf
1050051	Red-Lined Kismet
4000044	Clang Claw
1302016	Yellow Umbrella
1002217	Orange Golden Circlet
2040427	Scroll for Topwear for LUK 10%
4000058	Nependeath Seed
2041011	Scroll for Cape for MP
1061082	Dark Piettra Skirt
1050048	White Calas
1051038	Green Lumati
1082011	Gold Brist
1072130	Red Goni Shoes
2022039	Nependeath's Honey
4000060	Lunar Pixie's Moonpiece
1082036	Dark Briggon
1002216	Aqua Golden Circlet
1002210	Brown Sonata
1041080	Red Moon
1061079	Red Moon Pants
1050052	Blue-Lined Kismet
4000076	Fly-Eye Wing
1040030	Gold Dragon
1051030	Dark Calaf
1072134	Orihalcon Hildon Boots
4000078	Jr. Cerebes Tooth
1072108	Black Green-Lined Shoes
1422007	Titan
1002209	Green Sonata
1002218	Dark Golden Circlet
1002086	Bronze Crusader Helm
4000101	Yellow Toy Block
1040087	Blue Shouldermail
1060076	Blue Shouldermail Pants
4000102	Blue Toy Block
1040088	Oaker Shouldermail
1060077	Oaker Shouldermail Pants
1082081	Red Pennance
1072135	Gold Hildon Boots
2040618	Scroll for Bottomwear for Jump 60%
2040627	Scroll for Bottomwear for DEX 10%
2040931	Scroll for Shield for STR 60%
4000111	Cheap Battery
1002021	Steel Nordic Helm
1072123	Green Steel-Tip Boots
4000112	Mechanical Heart
1040097	Green China
1060086	Green China Pants
1002214	Black Maro
4000114	Table Clock
1002142	Blue Matty
1402007	Zard
1092029	Esther Shield
2043802	Scroll for Staff for Magic Att.
2070004	Tobi Throwing-Stars
1050049	Dark Calas
1041088	Ivory Shouldermail
1061087	Ivory Shouldermail Pants
1472021	Dark Slain
4000117	Space Food
1082062	Red Arten
1050047	Orange Calas
1002028	Silver Crusader Helm
4000118	Small Spaceship
2040707	Scroll for Shoes for Speed
1092020	Jurgen Wristguard
1002208	Blue Sonata
4000119	Receiving Apparatus
1061063	Dark Legolia Pants
1002024	Emerald Dome
1072143	Green Goldwind Shoes
2040031	Scroll for Helmet for DEX 10%
4000120	Mateon's Tentacle
4131004	Two-Handed Axe Forging Manual
1082067	Red Moon Gloves
4000121	Plateon's Helmet
1051039	Red Lumati
1072131	Purple Goni Shoes
4000122	Mecateon's Laser Gun
4131012	Dagger Forging Manual
1060078	Umber Shouldermail Pants
1061076	Maroon Moon Pants
4000156	Seal Tooth
4000157	Seal Meat
4000155	Seal Skin
1002631	Brown Leather Ocean Hat
4000204	Skeledog's Bone
1002081	Blue Bandana
2040824	Scroll for Gloves for HP 60%
4000205	Dirty Bandage
1082092	Bronze Pow
1082089	Oaker Garner
1082059	Bronze Clench
2040419	Scroll for Topwear for STR 10%
2040425	Scroll for Topwear for LUK 60%
4000158	Poopa Egg
1040094	Red China
1060083	Red China Pants
4000159	Poison Poopa's Poisonous Spikes
1051031	White Calaf
1041078	Blue Moon
1061077	Blue Moon Pants
1051037	Blue Lumati
4000169	Pounder
1102001	Blue Napoleon
4000178	Iron Boar Armor
4000276	Acorn
1041095	Bloody Mantis
1061094	Bloody Mantis Pants
4000277	Thimble
4000278	Needle Pouch
4000281	Snake Leather
4000280	Necki Swimming Cap
4000279	Necki Flower
4000291	Broken Piece of Pot
4000292	Ginseng-Boiled Water
1002083	Black Bandana
1041092	Red Ice Queen
1061091	Red Ice Queen Skirt
1102003	White Napoleon
2040622	Scroll for Bottomwear for HP 10%
4000332	Sand
1102000	Green Napoleon
4000125	Chief Gray's Sign
1102016	Red Magic Cape
4021009	Star Rock
1002101	Old Mithril Nordic Helm
2040619	Scroll for Bottomwear for Jump 10%
4000436	Moss Snail Shell
4000438	Tree Trunk
4000413	Someone's Hat
4000412	Proof of Training
4000048	Jr. Yeti Skin
1082038	Mithril Wolfskin
1051044	Blue Anakarune
1051045	Red Anakarune
1041096	Umber Mantis
1061095	Umber Mantis Pants
2040321	Scroll for Earring for LUK 60%
2040933	Scroll for Shield for STR 10%
2040925	Scroll for Shield for LUK 10%
2043019	Scroll for One-Handed Sword for Accuracy 10%
4000081	Firebomb Flame
1072150	Blood Moss Boots
1002242	Red Seraphis
4000170	Tiger Stamp
4000172	Three-Tailed Foxtail
1032021	Holy Cross Earrings
1050058	Orange Tai
1051046	White Anakarune
1432006	Holy Spear
1040099	Oaker Scorpio
1060088	Oaker Scorpio Pants
1052119	Black Royal Barone
4000171	Tiger Skin
4000360	Hardened Piece of Mithril
2040317	Scroll for Earring for DEX 60%
1082004	Venon
1040091	Red Orientican
1060080	Red Orientican Pants
4000364	Wires
1492008	Burning Hell
2040323	Scroll for Earring for LUK 10%
2043017	Scroll for One-Handed Sword for Accuracy 60%
1072146	Green Gore Boots
1002029	Red Oriental Helmet
1002248	Silver Identity
1002269	White Polyfeather Hat
4000365	Plug
1082201	Black Schult
4000061	Luster Pixie's Sunpiece
1072144	Red Gore Boots
1082086	Steel Manute
4000070	Cellion Tail
1050054	Red Anakamoon
1072306	Black Basile Boots
2331000	Blaze Capsule
4000071	Lioner Tail
1051041	Red Choro
1002267	Red Polyfeather Hat
4000072	Grupin Tail
1332015	Deadly Fin
1322018	Tamus
1002634	Purple Cast Linen
2332000	Glaze Capsule
2040924	Scroll for Shield for LUK 60%
4000126	MT-09's Fuel
1032014	Pink-Flowered Earrings
4011007	Moon Rock
1402011	Sparta
1092010	Silver Legend Shield
1412007	The Shining
4000283	Bear Foot
4000284	Yellow Belt
2040515	Scroll for Overall Armor for LUK
4000293	Bellflower
1040102	Bronze Platine
1060090	Bronze Platine Pants
1482008	Psycho Claw
4000294	100-Year-Old Bellflower
2040927	Scroll for Shield for HP 60%
4000286	Straw Doll
4000287	Wooden Doll
1072072	Silver Windshoes
1040105	Brown Studded Top
1060093	Brown Studded Pants
2040825	Scroll for Gloves for HP 10%
4000288	Broken Deer Horn
2040421	Scroll for Topwear for HP 60%
2040534	Scroll for Overall for STR 10%
4000298	Old Paper
1452004	Asianic Bow
1050059	Blue Tai
1442010	Skylar
4000299	The Book Ghost's Sheet of Paper
2012000	Drake's Blood
2012003	Drake's Meat
4000022	Stone Golem Rubble
1002247	Bronze Identity
1041091	Green Ice Queen
1061090	Green Ice Queen Skirt
1312009	Hawkhead
4000025	Dark Stone Golem Rubble
1002022	Old Steel Nordic Helm
1082088	Dark Manute
1072139	Blue Goldrunners
1102018	Black Magic Cape
1002249	Dark Identity
1382007	Evil Wings
4000033	Croco Skin
1040098	Light Scorpio
1060087	Light Scorpio Pants
1092009	Wooden Legend Shield
4000051	Hector Tail
1332017	Serpent's Coil
1422009	The Blessing
1462008	Golden Crow
4000055	Dark Jr. Yeti Skin
1102015	Blue Magic Cape
1072151	Gold Moss Boots
1072138	Orange Goldrunners
1082090	Sephia Garner
4000069	Zombie's Lost Tooth
1002244	Green Seraphis
1040092	Blue Orientican
1060081	Blue Orientican Pants
4000082	Zombie's Lost Gold Tooth
1102017	White Magic Cape
1051043	Brown Choro
1092011	Adamantium Legend Shield
1082094	Gold Pow
1002084	Blue Oriental Helmet
1002243	Blue Seraphis
1041100	Purple Mystique
1061099	Purple Mystique Pants
4000052	White Pang Tail
1050053	Blue Anakamoon
1102021	Blue Gaia Cape
1041097	Aqua Platina
1061096	Aqua Platina Pants
4000177	Mixed Block
1082087	Gold Manute
1061093	Light Mantis Pants
1372014	Evil Tale
4000206	Rib
1002030	Silver Planet
1002252	Red Infinium Circlet
1002281	Brown Nightfox
1002287	Beige Patriot
4000083	Jr. Sentinel Shellpiece
1322002	Iron Mace
1040016	Orihalcon Master Sergeant
1060011	Orihalcon Master Sergeant Kilt
1041048	Black Steal
1061044	Black Steal Pants
2060001	Bronze Arrow for Bow
2061001	Bronze Arrow for Crossbow
4000084	Ice Sentinel Shellpiece
1040024	Blue Bennis Chainmail
1061043	Red Steal Pants
1041047	Red Steal
4000085	Fire Sentinel Shellpiece
1041059	Sky Sneak
1061055	Sky Sneak Pants
1041064	Blueberry Lolica Armor
2001001	Ice Cream Pop
2041022	Scroll for Cape for LUK
2040513	Scroll for Overall Armor for INT
1002246	Dark Seraphis
1002270	Black Polyfeather Hat
1040093	Dark Orientican
1050056	Dark Anakamoon
1051047	Dark Anakarune
1050060	Red Tai
1040100	Dark Scorpio
1082061	Dark Clench
1082091	Dark Garner
1072149	Blood Camel Boots
1072136	Pink Goldrunners
1072152	Dark Moss Boots
2044101	Scroll for Two-handed Axe for ATT
2040514	Scroll for Overall Armor for INT
1302011	Neocora
1472025	Dark Gigantic
2070005	Steely Throwing-Knives
1102002	Red Napoleon
2000005	Power Elixir
1452009	Red Hinkel
1462009	Gross Jaeger
1322019	The Judgement
1312010	Mikhail
1412008	Chrono
1422010	Gigantic Sledge
1472026	Brown Scarab
1432007	Redemption
1302012	Red Katana
1402012	Doombringer
1332018	Kandine
1332019	Golden River
1092017	Gold Ancient Shield
4000437	Black Mushroom Spore
4000439	Rubble
4000440	Tough Leather
1041093	Blue Ice Queen
1072145	Blue Gore Boots
4000086	Leatty Furball
1002165	Dark Hawkeye
1072081	Green Hunter Boots
1072075	Red Magicshoes
4000087	Dark Leatty Furball
1002175	Dark Guise
4000041	Malady's Experimental Frog
1040090	Green Orientican
1060079	Green Orientican Pants
1072137	Green Goldrunners
1082093	Steal Pow
4000088	Jr. Pepe's Fish
4000336	Bible of the Corrupt
4000415	Ice Tear
4000416	Traditional Scholar Hat
4000419	Purple Liquid
1472024	Sapphire Gigantic
1102022	Red Gaia Cape
1082107	Gold Eyes
1072157	Blue Lapiz Sandals
1032020	Gold Drop Earrings
1051062	Blue Lineros
4000354	Beaker
1050088	Red Ades
1032015	Metal Silver Earrings
1050081	Red Battle Road
1051078	Red Battle Empress
1002289	Dark Patriot
4000363	Entry Pass
1072309	Black Voyson Shoes
2330003	Vital Bullet
1072148	Orihalcon Camel Boots
1060089	Dark Scorpio Pants
1060091	Mithril Platine Pants
1040103	Mithril Platine
1072160	Gold Lapiz Sandals
1072162	Blue Mystique Shoes
1082106	Blue Eyes
4000040	Mushmom Spore
4000050	Pepe Beak
1060082	Dark Orientican Pants
1082060	Sapphire Clench
1102024	Black Gaia Cape
1002286	Blue Patriot
1082095	Bronze Rover
2383045	Pepe Card
4007004	Magic Powder (Yellow)
2022001	Red Bean Porridge
4000128	Buffy Hat
1051042	Blue Choro
1082098	Brown Lorin
1072163	Red Mystique Shoes
1052122	Red Viska
4000285	Red Belt
1002637	Black Pirate's Bandana
4000295	Mr. Alli's Leather
1051064	Green Lineros
1051065	Dark Lineros
1040107	Dark Studded Top
1060095	Dark Studded Pants
4000282	Peach Seed
1040109	Red Pirate Top
1060098	Red Pirate Pants
2040328	Scroll for Earring for HP 10%
4000296	Mark of the Pirate
1082204	Black Bisk
4000289	Cat Doll
1372015	Angel Wings
1452011	Golden Hinkel
1472029	Black Scarab
1482009	Beia Crash
1492009	Abyss Shooter
1002095	Mithril Planet
1002254	Dark Infinium Circlet
4000027	Wild Kargo Eye
1472023	Blood Gigantic
1051054	Brown Requierre
1072154	Blue Carzen Boots
1041103	Red Mystique
1061102	Red Mystique Pants
4000057	Dark Pepe Beak
1002100	Old Bronze Nordic Helm
1050055	White Anakamoon
1002268	Brown Polyfeather Hat
1051052	Blue Requierre
1072164	Blue Elf Shoes
1072155	Purple Carzen Boots
1072161	Purple Mystique Shoes
2384007	Dark Pepe Card
4000129	Lazy Buffy Marble
1050061	Blue Linnex
1082096	Silver Rover
1072158	Red Lapiz Sandals
2040318	Scroll for Earring for DEX 10%
4000143	Zombie Teddy Bear
1082099	Blue Lorin
1041098	Violet Platina
1061097	Violet Platina Pants
4000144	Free Spirit
1072166	Green Elf Shoes
1082103	Bronze Husk
1072159	Brown Lapiz Sandals
4000185	Ice Backbone
4000186	Dark Drake's Horn
1082109	Red Cordon
1061100	Blue Mystique Pants
1041101	Blue Mystique
2040625	Scroll for Bottomwear for DEX 60%
4000207	Pelvic Bone
4000049	Yeti Horn
2384009	Yeti Card
1092046	Maple Warrior shield
1402039	Maple Soul Rohen
4005004	Dark Crystal
1050068	Red Requiem
1492021	Maple Storm Pistol
1092045	Maple Magician shield
1452045	Maple Kandiva Bow
1492022	Maple Canon Shooter
4000176	Poisonous Mushroom
4000130	Buffoon's Grandpa Clock
1061092	Blue Ice Queen Skirt
1082097	Gold Rover
1082108	Dark Eyes
1040106	Blue Studded Top
1060094	Blue Studded Pants
1452010	Blue Hinkel
1082122	Blue Clarity
1050082	Blue Battle Road
1492010	Infinity's Wrath
4000056	Dark Yeti Horn
4003002	Piece of Ice
1002245	White Seraphis
1002338	Red Dragon Babuta
2384016	Dark Yeti Card
1302030	Maple Soul Singer
1072156	Dark Carzen Boots
4000131	Deep Buffoon's Rock Piece
1002282	Blue Nightfox
1041099	Bloody Platina
1061098	Blood Platina Pants
1032022	Half Earrings
1051058	Dark Enigma
1050077	Green Pris
1072173	Red Pirate Boots
1082116	Blood Emperor
1082207	Blue Halfglove
4000411	Blacklist
1050069	Brown Requiem
1082100	Dark Lorin
1041102	Pink Mystique
1061101	Pink Mystique Pants
1002288	Green Patriot
1322020	Bent Judgement
1002273	Purple Galaxy
1002339	Blue Dragon Babuta
1051066	Red Pria
1041105	Green Pirate Blouse
1061104	Green Pirate Skirt
4000362	Broken Mechanical Heart
1072147	Sapphire Camel Boots
1002094	Bronze Planet
1002253	Blue Infinium Circlet
1050063	Green Linnex
1040108	Green Pirate Top
1060097	Green Pirate Pants
1072177	Green Enigma Shoes
4000361	May Mist
1482010	Steelno
4000074	Lucida Tail
4161021	[Storybook] Formula for Black Cloud
1072312	Blue Pageant
4000079	Cerebes Tooth
1050070	Dark Requiem
1072165	Baige Elf Shoes
1082105	Dark Husk
1032016	Metal Heart Earrings
1372016	Phoenix Wand
4000236	Beetle's Horn
1072184	Green Wing Boots
1002640	Blue Sun Boat Hat
4000237	Dual Beetle's Horn
1051063	Beige Lineros
1092016	Silver Ancient Shield
4000231	Hankie's Pan Flute
1050074	Dark Enigmatic
1322028	Heaven's Justice
4000147	Sealed Teddy Bear
2020015	Sunset Dew
1102030	Black Seraph Cape
1050073	Blue Enigmatic
1412009	Helios
1082123	Dark Clarity
1082118	Green Larceny
1002328	Green Pireta Hat
1051077	Yellow Battle Empress
1072196	Emerald War Greave
1072209	Dark Neli Shoes
1082142	Green Mystra
1002329	Red Pireta Hat
1051095	Blue Oriental Fury Coat
1422012	The Morningstar
1102032	Purple Giles Cape
1072194	Purple Osfa Boots
1102035	Black Giles Cape
4000028	Tauromacis Horn
1050067	Blue Requiem
1051055	Dark Requierre
1002283	Purple Nightfox
1102027	Blue Seraph Cape
1082115	Emerald Emperor
1002272	Blue Galaxy
4000046	Taurospear Horn
1072167	Dark Elf Shoes
1002284	White Nightfox
1082104	Mithril Husk
1102028	Red Seraph Cape
1051056	Green Enigma
1002327	Brown Pireta Hat
1072211	Blue Rivers Boots
2041020	Scroll for Cape for DEX
1472022	Bronze Gigantic
1102023	White Gaia Cape
1092006	Mithril Buckler
4000208	Horse Skull
1092023	Steel Aquila Shield
1072182	Blue Wing Boots
1082110	Blue Cordon
4000297	Captain's Hat
4000053	Werewolf Toenail
4000148	Binding Bridle
1302018	Khan
1002274	Dark Galaxy
1041107	Dark Pirate Blouse
1061106	Dark Pirate Skirt
1050080	Green Battle Road
1051068	Green Pria
1072212	Dark Rivers Boots
1041121	Dark Valkyrie
1061120	Blood Valkyrie Skirt
1072203	Red Ades Shoes
1072206	Blue Neli Shoes
1082143	Purple Mystra
2070007	Hwabi Throwing-Stars
4000226	Rash's Furball
4000227	Tree Fruit
4000228	Anesthetic Powder
4000229	Dark Rash's Furball
2040505	Scroll for Overall Armor for DEF
4000230	Curse Powder
1082119	Purple Larceny
4000260	Hov's Shorts
2040512	Scroll for Overall Armor for INT
1082125	Red Focus
4000261	Pin Hov's Charm
1052125	White Pioneer
4000132	Ghost Pirate Key
1002277	Green Falcon
1082114	Sapphire Emperor
1092025	Gold Aquila Shield
1462011	Fire Raven
1432010	Omega Spear
1050089	Blue Ades
1072192	Green Osfa Boots
1072207	Green Neli Shoes
1082128	Green Imperial
4000133	Dual Pirate's Propeller
1051057	Purple Enigma
1002330	Dark Pireta Hat
1050075	Red Pris
1082121	Green Clarity
1041115	Green Osfa Suit
1061114	Green Osfa Pants
1072197	Orihalcon War Greave
1082131	Blue Sage
1312011	Gaea
1332023	Dragon's Tail
1442019	Eclipse
1452015	Dark Arund
1462013	Dark Raven
1472031	Black Mamba
4000418	Useless Mechanical Heart
1102031	Green Giles Cape
4000355	Homunculus's Sand
4021008	Black Crystal
4000054	Lycanthrope Toenail
4000238	Harp's Tail Feather
4000239	Blood Harp's Crown
1082112	Dark Cordon
1462012	Golden Raven
4000240	Small Flaming Feather
4000234	Kentaurus's Skull
1082117	Dark Emperor
1072179	Dark Enigma Shoes
1452014	Golden Arund
1092026	Bronze Kalkan
1312030	Tomahawk
1402035	The Beheader
1472053	Red Craven
4000232	Kentaurus's Flame
1422027	Golden Smith Hammer
1452019	White Nisrock
1382035	Blue Marine
4161015	[Storybook] Burning Book of Fire
1002643	Red Brave Hamal
4000233	Kentaurus's Marrow
1041106	Red Pirate Blouse
1061105	Red Pirate Skirt
1452013	Fire Arund
1332051	Gold Double Knife
1322045	Battle Hammer
1412021	Tavar
4161016	[Storybook] Frozen Book of Ice
4000241	Birk's Chewed Grass
1050083	Dark Battle Road
1072185	Dark Wing Boots
1092027	Silver Kalkan
1302056	Sparta
1372010	Dimon Wand
1332052	Blood Dagger
4000242	Dual Birk's Tiny Tail
1051080	Dark Battle Empress
1072183	Red Wing Boots
1432030	Pinaka
1442044	Zedbug
1462015	White Neschere
4000145	Sealed-up Grandpa Clock
4000146	Evil Spirit
1002340	Dark Dragon Babuta
4000080	Bain's Spiky Collar
1082111	Green Cordon
1092024	Silver Aquila Shield
1072174	Dark Pirate Boots
1050078	Dark Pris
1060104	Green Osfa Pants
1040115	Green Osfa Suit
1072208	Red Neli Shoes
1082126	Green Focus
1032017	Rose Earrings
1072195	Red Osfa Boots
4000182	Lime Powder Bottle
2020013	Reindeer Milk
1040111	Green Commodore
1060100	Green Commodore Pants
1002324	Brown Osfa Hat
1072205	Dark Ades Shoes
1052128	White Marquini
1002528	Green Grace Helmet
1040117	Purple Osfa Suit
1060106	Purple Osfa Pants
1041120	Purple Valkyrie
1061119	Purple Valkyrie Skirt
1082134	Dark Pachone
1072204	Green Ades Shoes
4000262	Cracked Shell
4000244	Dragon Spirit
4000245	Dragon Scale
2290106	[Mastery Book] Barrage
1002365	Red Oriental Fury Hat
1051096	Red Oriental Fury Coat
1082144	Dark Mystra
1302023	Fraute
1332027	Varkit
4000263	Red Shell
1082210	Red Martier
2290122	[Mastery Book] Battleship Torpedo
1041117	Purple Osfa Suit
1061116	Purple Osfa Pants
1050106	Green Arzuna
1082139	Green Korben
1452017	Metus
4000264	Rexton Leather
1492011	The Peacemaker
2290112	[Mastery Book] Elemental Boost
1002325	Purple Osfa Hat
1050090	Green Ades
1082151	Green Ciara
1040120	Green Neos
1060109	Green Neos Pants
1322029	Ruin Hammer
4000265	Strange Egg
1082159	Blue Arcina
2290088	[Mastery Book] Shadow Claw
2290099	[Mastery Book] Energy Orb
4000134	Viking Sail
1050072	Green Enigmatic
1002278	Dark Falcon
1050076	Blue Pris
1051079	Blue Battle Empress
1040112	Blue Commodore
1060101	Blue Commodore Pants
1082132	Green Sage
2290082	[Mastery Book] Ninja Ambush
1072315	Black Markintz
2290097	[Mastery Book] Dragon Strike
4000135	Gigantic Viking Hat
1402015	Heaven's Gate
1050093	Blue Oriental Fury Coat
1051083	Blue Anes
1061115	Brown Osfa Pants
1041116	Brown Osfa Suit
4000183	Ink Bottle
1102026	Green Seraph Cape
1041119	Green Valkyrie
1061118	Green Valkyrie Skirt
1072224	Blue Varr Shoes
1482011	White Fangz
2290098	[Mastery Book] Dragon Strike
4000149	Sealed Bottle
1040110	Dark Pirate Top
1060099	Dark Pirate Pants
1051067	Blue Pria
1050091	Dark Ades
1082133	Red Sage
4000184	Butter-Toasted Squid
1041118	Red Osfa Suit
1061117	Red Osfa Pants
1051084	Green Anes
1050095	Black Oriental Fury Coat
1051097	Black Oriental Fury Coat
1092028	Gold Kalkan
1072220	Green Crescent Boots
2290032	[Mastery Book] Chain Lightning
2290114	[Mastery Book] Wrath of the Octopi
4000150	Ice Piece
2022003	Unagi
1462010	Marine Raven
1082120	Blood Larceny
1051094	Green Oriental Fury Coat
1002402	Red Arlic Helmet
1040116	Brown Osfa Suit
1060105	Brown Osfa Pants
1082130	Dark Imperial
2040708	Scroll for Shoes for Speed
4000180	Shark Denture
1002405	Dark Arlic Helmet
1002366	Black Oriental Fury Hat
1072214	Blue Katina Boots 
4161018	[Storybook] Ancient Book
1052131	Red Belly Duke
2290118	[Mastery Book] Rapid Fire
4000181	Frozen Shark's Fin
1002326	Red Osfa Hat
1072223	Green Varr Shoes
2290042	[Mastery Book] Ice Demon
2290052	[Mastery Book] Sharp Eyes
1072318	Black Duke Barkin Shoes
2290102	[Mastery Book] Demolition
1002529	Blue Grace Helmet
1050102	Green Varuna
1051105	Green Armis
1051092	Red Katte
1082135	Blue Anelin
1402005	Berzerker
1462018	Casa Crow
4000266	Wooden Shoulder Pad
1002646	Black Polax Hat
2290100	[Mastery Book] Energy Orb
1002530	Red Grace Helmet
1050098	Red Katinas
1041122	Green Lucida
1061121	Green Lucida Skirt
1051101	Green Bazura
1082158	Red Arcina
4000267	Skull Shoulder Pad
1082136	Green Anelin
2290004	[Mastery Book] Rush
2290006	[Mastery Book] Power Stance
2290024	[Mastery Book] Mana Reflection
2290036	[Mastery Book] Fire Demon
2290056	[Mastery Book] Bow Expert
2290072	[Mastery Book] Frostprey
2290078	[Mastery Book] Venomous Star/Venomous Stab
1492012	Concerto
2290117	[Mastery Book] Rapid Fire
4000268	Wyvern Wing
2290120	[Mastery Book] Battleship Cannon
4000269	Wyvern Gill
1002532	Dark Grace Helmet
1050094	Red Oriental Fury Coat
1072227	Red Arnah Shoes
1082213	Black Skellduke
2290101	[Mastery Book] Super Transformation
4000270	Wyvern Toenail
1002531	Silver Grace Helmet
1060107	Red Osfa Pants
1082127	Dark Focus
2290010	[Mastery Book] Brandish
2290019	[Mastery Book] Divine Charge
2290026	[Mastery Book] Big Bang
2290076	[Mastery Book] Shadow Shifter
1482012	King Cent
2290119	[Mastery Book] Battleship Cannon
4000151	Gatekeeper Armband
1050062	Beige Linnex
1040118	Red Osfa Suit
1072213	Green Katina Boots
4000152	Tanathos Strap
1452012	Marine Arund
1051069	Dark Pria
1002404	Green Arlic Helmet
1040113	Dark Commodore
1060102	Dark Commodore Pants
4000235	Manon's Tail
2290003	[Mastery Book] Achilles
2290015	[Mastery Book] Guardian
2290030	[Mastery Book] Paralyze
2290035	[Mastery Book] Holy Shield
2290063	[Mastery Book] Phoenix
2290080	[Mastery Book] Taunt
4000243	Griffey Horn
2290018	[Mastery Book] Holy Charge
2290059	[Mastery Book] Hamstring Shot
2290069	[Mastery Book] Blind
2290092	[Mastery Book] Assassinate
2040532	Scroll for Overall for STR 60%
4000272	Egg Shell
1002398	Green Varr Hat
1072228	Blue Arnah Shoes
2290044	[Mastery Book] Ifrit
2290054	[Mastery Book] Dragon's Breath
2290066	[Mastery Book] Marksman Boost
2290103	[Mastery Book] Demolition
4000271	Destroyed Nest
1002406	Red Arnah Cap
1050097	Blue Katinas
1072225	Red Varr Shoes
1082152	Blue Ciara
2290000	[Mastery Book] Monster Magnet
2290008	[Mastery Book] Advanced Combo Attack
2290038	[Mastery Book] Elquines
2290060	[Mastery Book] Hurricane
2290124	[Mastery Book] Bullseye
4000274	Broken Horn
1002377	Green Valhalla Helmet
1050107	Blue Arzuna
1050103	Blue Varuna
1072221	Blue Crescent Boots
1082140	Blue Korben
2290012	[Mastery Book] Blast
2290014	[Mastery Book] Guardian
2290050	[Mastery Book] Angel Ray
2290062	[Mastery Book] Phoenix
2290070	[Mastery Book] Piercing Arrow
2290086	[Mastery Book] Ninja Storm
2290108	[Mastery Book] Speed Infusion
4000273	Old Neck Bone
1002380	Green Canal Hood
1051102	Blue Bazura
1040121	Blue Neos
1072215	Red Katina Boots
2290002	[Mastery Book] Achilles
2290009	[Mastery Book] Advanced Combo Attack
2290034	[Mastery Book]  Holy Shield
2290058	[Mastery Book] Hamstring Shot
2290068	[Mastery Book] Blind
2290090	[Mastery Book] Boomerang Step
2290053	[Mastery Book] Sharp Eyes
2290121	[Mastery Book] Battleship Torpedo
4000443	Cracked Hourglass
2330004	Shiny Bullet
4000444	Green Cloth
4000446	Smiley Mask
4000445	Green Cone Hat
1051085	Dark Anes
4000447	Green Helmet
4000459	Black Armor Fragment
1412010	Colonian Axe
4000448	Green Heart
1072198	Dark War Greave
1092036	Green Hoflon
2290073	[Mastery Book] Frostprey
4000449	Blue Cloth
4000451	Neutral Mask
1051103	Red Bazura
2290079	[Mastery Book] Venomous Star/Venomous Stab
4000450	Blue Cone Hat
1002378	Blue Valhalla Helmet
1051107	Red Armis
1462017	Dark Neschere
2290077	[Mastery Book] Shadow Shifter
4000452	Blue Helmet
1041124	Dark Lucida
1002400	Red Varr Hat
1051091	Blue Katte
2290007	[Mastery Book] Power Stance
4000453	Blue Heart
1050104	Red Varuna
1002407	Blue Arnah Cap
1060111	Black Neos Pants
1061123	Dark Lucida Skirt
4000454	Red Cloth
4000456	Frowny Mask
1082153	Red Ciara
1050108	Red Arzuna
1002381	Blue Canal Hood
2290039	[Mastery Book] Elquines
4000455	Red Cone Hat
1050099	Dark Katinas
2290089	[Mastery Book] Shadow Claw
4000457	Red Helmet
1002379	Dark Valhalla Helmet
1072229	Green Arnah Shoes
1082138	Dark Anelin
2290046	[Mastery Book] Blizzard
4000458	Red Heart
1040122	Black Neos
1002401	Dark Varr Hat
1072216	Dark Katina Boots
1452021	Dark Nisrock
2290093	[Mastery Book] Assassinate
2012001	Fairy's Honey
2022186	Soft White Bun
1332026	Cursayer
2290031	[Mastery Book] Paralyze
2290033	[Mastery Book] Chain Lightning
2290061	[Mastery Book] Hurricane
4000460	Whale's Helmet
2290025	[Mastery Book] Mana Reflection
1082141	Dark Korben
1050105	Dark Varuna
1051093	Dark Katte
4000461	Knight's Mask
2290037	[Mastery Book] Fire Demon
2290055	[Mastery Book] Dragon's Breath
1072222	Dark Crescent Boots
1082154	Purple Ciara
1002382	Red Canal Hood
1051104	Dark Bazura
4000462	Guardian's Horn
2290013	[Mastery Book] Blast
2290043	[Mastery Book] Ice Demon
1072226	Dark Varr Shoes
1082160	Green Arcina
2290011	[Mastery Book] Brandish
2290051	[Mastery Book] Angel Ray
2290071	[Mastery Book] Piercing Arrow
2290107	[Mastery Book] Barrage
2290123	[Mastery Book] Hypnotize
1060110	Blue Neos Pants
1041123	Purple Lucida
1061122	Purple Lucida Skirt
1051106	Blue Armis
4001085	Pianus Certificate
4000175	Miniature Pianus
2290001	[Mastery Book] Monster Magnet
2290005	[Mastery Book] Rush
2290027	[Mastery Book] Big Bang
2290083	[Mastery Book] Ninja Ambush
2280007	[Skill Book] Advanced Combo Attack
2280008	[Skill Book] Advanced Charge
2280009	[Skill Book] Angel Ray
2280010	[Skill Book] Triple Throw
2290016	[Mastery Book] Enrage
2290020	[Mastery Book] Heaven's Hammer
2290029	[Mastery Book] Infinity
2290040	[Mastery Book] Meteor Shower
2290048	[Mastery Book] Genesis
2290057	[Mastery Book] Bow Expert
2290064	[Mastery Book] Concentrate
2290067	[Mastery Book] Marksman Boost
2290074	[Mastery Book] Snipe
2290115	[Mastery Book] Air Strike
1072369	Squishy Shoes
4030001	Omok Piece : Mushroom
2020001	Fried Chicken
2020005	Hot Dog
2020003	Pizza
2020009	Orange Juice
2020006	Hot Dog Supreme
2020010	Grape Juice
2001000	Watermelon
2020012	Melting Cheese
2330005	Eternal Bullet
4000497	Murukun's Furball
2040500	Scroll for Overall Armor for DEX
2044400	Scroll for Pole Arm for ATT
1002042	Blue Metal Gear
1002051	Bronze Full Helm
1072050	Bronze Grieves
4000496	Murumuru's Furball
1002041	Yellow Metal Gear
1002007	Steel Full Helm
1040038	Blue Lolico Armor
1060028	Blue Lolico Pants
1061023	Sophia Pants
1072009	Steel Grieves
1442006	Iron Ball
4000495	Murupia's Furball
1002001	Metal Gear
1002003	Steel Helmet
1040015	Brown Lolico Armor
1060008	Brown Lolico Pants
4000494	Murupa's Furball
2040400	Scroll for Topwear for DEF
1002002	Metal Koif
1072005	Leather Sandals
4000493	Muru's Furball
2010000	Apple
2040003	Scroll for Helmet for HP
1040010	Grey T-Shirt
1041004	Pink Starry Shirt
4130021	Overall Production Stimulator
4000499	Mutated Spore
2043216	King Pepe's 60% Scroll for One-handed BW Attacks
2043311	King Pepe's 60% Scroll for Dagger Attacks
2382092	Renegade Spore Card
4000502	Destroyed Helmet
2044416	King Pepe's 60% Scroll for Polearm Attacks
2043711	King Pepe's 60% Scroll for Wand Magic Attacks
2382095	Helmet Pepe Card
4000501	Intoxicated Pig Tail
2044216	King Pepe's 60% Scroll for Two-handed BW Attacks
2044316	King Pepe's 60% Scroll for Spear Attacks
2382094	Intoxicated Pig Card
4000500	Poison Mushroom Cap
4000507	Poison Spore
2044024	King Pepe's 60% Scroll for Two-handed Sword Attacks
2044116	King Pepe's 60% Scroll for Two-handed Axe Attacks
2382093	Poison Mushroom Card
4000503	Broken Spear
2044611	King Pepe's 60% Scroll for Crossbow Attacks
2044711	King Pepe's 60% Scroll for Thief Attacks
2044816	King Pepe's 60% Scroll for Knuckle Attacks
2382096	Royal Guard Pepe Card
2380000	Snail Card
2380001	Blue Snail Card
2380003	Stump Card
2380004	Red Snail Card
2380005	Slime Card
2380006	Pig Card
2380007	Orange Mushroom Card
2380008	Dark Stump Card
2380009	Ribbon Pig Card
2380010	Octopus Card
2380011	Green Mushroom Card
2380012	Bubbling Card
2381000	Axe Stump Card
2381001	Ghost Stump Card
2381002	Blue Mushroom Card
2381003	Stirge Card
2381006	Jr. Necki Card
2381007	Horny Mushroom Card
2381008	Dark Axe Stump Card
2381009	Pinboom Card
2381010	Jr. Cactus Card
2381011	Trixter Card
2381012	Jr. Sentinel Card
2381013	Seacle Card
2381014	Wooden Mask Card
2381015	Bellamoa Card
2381016	Zombie Mushroom Card
2381017	Krappy Card
2381018	Rocky Mask Card
2381019	Ear Plug Plead Card
2381020	Sand Rat Card
2381021	Cico Card
2381022	Wild Boar Card
2381023	Cactus Card
2381024	Evil Eye Card
2381025	Scarf Plead Card
2381026	Bubble Fish Card
2381027	Green Trixter Card
2381028	Royal Cactus Card
2381029	Flower Fish Card
2381031	Scorpion Card
2381032	Sentinel Card
2381034	Brown Teddy Card
2381035	Krip Card
2381036	Kiyo Card
2381037	Ice Sentinel Card
2381038	Fire Sentinel Card
2382000	Chirppy Card
2382002	Ligator Card
2382004	Pink Teddy Card
2382005	Ratz Card
2382006	Leatty Card
2382007	Mask Fish Card
2382009	Cube Slime Card
2382011	Jr. Cellion Card
2382012	Jr. Lioner Card
2382013	Jr. Grupin Card
2382014	Dark Leatty Card
2382015	Roloduck Card
2382016	Black Ratz Card
2382017	Tick Card
2382018	Curse Eye Card
2382019	Jr. Wraith Card
2382020	Star Pixie Card
2382022	Bloctopus Card
2382023	Jr. Pepe Card
2382024	Rumo Card
2382025	Panda Teddy Card
2382026	Helly Card
2382027	Scuba Pepe Card
2382028	Retz
2382029	Lupin Card
2382030	Lorang Card
2382031	Propelly Card
2382032	Chronos Card
2382033	King Bloctopus Card
2382034	Planey Card
2382035	Jr. Seal Card
2382036	Triple Rumo Card
2382037	Tweeter Card
2382038	Toy Trojan Card
2382039	Cold Eye Card
2382040	Zombie Lupin Card
2382041	Tick-Tock Card
2382043	Poopa Card
2382044	Poison Poopa Card
2382045	Chipmunk Card
2382047	Flyeye
2382048	Robo Card
2382049	Platoon Chronos Card
2382050	Mateon Card
2382051	Red Porky Card
2382052	Nependeath Card
2382053	Iron Hog Card
2382054	Block Golem
2382056	Freezer Card
2382057	Iron Mutae
2382058	Jr. Cerebes Card
2382059	Sparker Card
2382060	Black Porky Card
2382061	Plateon Card
2382062	Master Robo Card
2382063	Skeledog Card
2382064	Lunar Pixie Card
2382065	Copper Drake Card
2382066	King Block Golem Card
2382068	Moon Bunny Card
2382069	Iron Boar Card
2382070	Blue Flower Serpent
2382071	Red Flower Serpent
2382072	Reinforced Iron Mutae
2382076	Mossy Snail Card
2383000	Mecateon Card
2383001	Tortie Card
2383002	Master Chronos Card
2383003	Dark Nependeath Card
2383004	Rombot Card
2383006	Jar Card
2383008	Wraith Card
2383009	Clang Card
2383010	Ginseng Jar
2383012	Drake Card
2383013	Jr. Yeti Card
2383014	Hodori Card
2383015	Straw Target Dummy
2383017	Firebomb Card
2383018	Wooden Target Dummy
2383019	Croco Card
2383021	Cellion Card
2383022	Lioner Card
2383023	Grupin Card
2383024	Hogul
2383025	Bellflower Root Card
2383026	MT-09 Card
2383027	Sr. Bellflower Root Card
2383029	Malady Card
2383030	Stone Golem Card
2383031	Hector Card
2383032	The Book Ghost Card
2383033	Dark Jr. Yeti Card
2383035	Grizzly Card
2383036	Skeleton Soldier
2383037	Coolie Zombie Card
2383038	Miner Zombie
2383039	Dark Stone Golem
2383040	White Fang Card
2383041	Reindeer Card
2383042	Neo Huroid Card
2383043	Mixed Golem Card
2383044	Red Drake Card
2383047	Panda Card
2383048	Shade Card
2383049	Master Dummy Card
2383056	Tree Rod Card
2383057	Mossy Mushroom Card
2383058	Primitive Boar Card
2383059	Stone Bug Card
2384000	Buffy Card
2384001	Wild Cargo Card
2384002	Peach Monkey Card
2384003	Officer Skeleton Card
2384004	Soul Teddy Card
2384006	Ice Drake Card
2384008	Mr. Alli Card
2384010	Riche Card
2384011	Homun Card
2384012	Lazy Buffy Card
2384013	Sage Cat Card
2384014	Master Soul Teddy Card
2384015	Dark Drake Card
2384017	Kru Card
2384019	Klock Card
2384020	Tauromacis Card
2384024	Rash Card
2384025	Captain Card
2384026	Cerebes Card
2384027	Beetle Card
2384028	Hobi Card
2384029	Commander Skeleton Card
2384032	Buffoon Card
2384033	Dark Rash Card
2384035	Werewolf Card
2384036	Taurospear Card
2384037	Snow Witch Card
2384038	Security Camera Card
2384039	Scholar Ghost Card
2384040	Rurumo Card
2385000	Dark Klock Card
2385001	Dual Beetle Card
2385002	Green Hobi Card
2385003	Deep Buffoon Card
2385004	Yeti and Pepe Card
2385005	Hankie Card
2385006	Lycanthrope Card
2385007	Harp Card
2385008	Homunscullo Card
2385009	Dark Yeti and Pepe Card
2385011	Blood Harp Card
2385012	Death Teddy Card
2385014	Birk Card
2385016	Black Kentaurus Card
2385017	Red Kentaurus Card
2385018	Blue Kentaurus Card
2385019	Dual Birk Card
2385020	Master Death Teddy Card
2385021	Bain Card
2385022	Blue Dragon Turtle Card
2385023	Deet and Roi Card
2385025	Eye of Time Card
2386000	Bone Fish Card
2386001	Red Dragon Turtle Card
2386003	Squid Card
2386004	Phantom Watch Card
2386005	Rexton Card
2386006	Brexton Card
2386007	Risell Squid Card
2386008	Red Wyvern Card
2386009	Gigantic Viking Card
2386010	G. Phantom Watch Card
2386011	Green Cornian Card
2386012	Shark Card
2386013	Blue Wyvern Card
2386014	Cold Shark Card
2386015	Dark Wyvern Card
2386016	Dark Cornian Card
2386017	Jr. Newtie Card
2386021	Memory Monk Card
2386022	Memory Monk Trainee Card
2386023	Memory Guardian Card
2386024	Chief Memory Guardian Card
2387000	Gatekeeper Card
2387001	Thanatos Card
2387002	Skelegon Card
2387003	Skelosaurus Card
2387004	Nest Golem Card
2387006	Qualm Monk Card
2387007	Qualm Monk Trainee Card
2387008	Qualm Guardian Card
2387009	Chief Qualm Guardian Card
2387010	Oblivion Monk Card
2387011	Oblivion Monk Trainee Card
2387012	Oblivion Guardian Card
2387013	Chief Oblivion Guardian Card
2388000	Mano Card
2022430	Mu Lung Dojo Mana Elixir
2022431	Mu Lung Dojo Elixir
2022432	Mu Lung Dojo Power Elixir
2022433	Mu Lung Dojo Cure-All Medicine
4001132	Suspicious Liquid
4001133	Card Key
4000537	Fancy Amplifier Cables
2049200	Dark Scroll for Accessory for STR 70%  
2049202	Dark Scroll for Accessory for DEX 70%
2049204	Dark Scroll for Accessory for INT 70%
2049206	Dark Scroll for Accessory for LUK 70%
4031597	Cupid Code Piece
1442029	Gold Surfboard
2040600	Scroll for Bottomwear for DEF
2041043	Scroll for Cape for Magic DEF
4030000	Omok Piece : Slime
4031273	Red Ball of Yarn
4030011	Omok Piece : Pig
4030012	Monster Card
4031846	Black Magician's Token
4032130	Pig Doll
4032340	Pig Tail
4031507	Pheromone
4031495	Tylus's Trust
2388001	King Slime Card
2388002	Faust Card
2388003	King Clang Card
2388004	Alishar Card
2388005	Timer Card
2388006	Mushmom Card
2388007	Dyle Card
2388008	Zombie Mushmom
2388009	Nine-Tailed Fox Card
2388010	Tae Roon Card
2388011	Lord Pirate Card
2388012	Papa Pixie Card
2388013	King Sage Cat Card
2388014	Frankenroid Card
2388016	Snowman Card
2388018	Manon Card
2388019	Griffey Card
2388020	Pianus Card
2388022	Papulatus Card
2388025	Stumpy Card
2388026	Jr. Balrog Card
2388029	Deo Card
2388031	Zeno Card
2388033	Leviathan Card
2388040	Dodo Card
2388041	Lilynouch Card
2388042	Lyka Card
2380013	Cynical Orange Mushroom Card
2380014	Dejected Green Mushroom Card
2380015	Muru Card
2380016	Murupa Card
2380017	Murupia Card
2380018	MuruMuru Card
2380019	Murukun Card
2381083	Annoyed Zombie Mushroom Card
4031213	Wild Kargo's Spirit Rock
4031214	Tauromacis's Spirit Rock
4031215	Taurospear's Spirit Rock
2022016	Maple Special Bento
4031153	Stump's Teardrop
4031268	Tough Rope
4031259	Seacle's DNA Sample
4031260	Cico's DNA Sample
4031261	Pin Boom's DNA Sample
4031262	Flower Fish's DNA Sample
4031263	Masked Fish's DNA Sample
4031264	Bubble Fish's DNA Sample
4031265	Pooper's DNA Sample
4031266	Sparker's DNA Sample
4031267	Freezer's DNA Sample
4031103	Barnard Gray's Cell
4031104	Zeta Gray's Cell
4031105	Ultra Gray's Cell
4031106	Chief Gray's Cell
4031790	Small Clue
4031675	Temporal Fragment
4031681	MesoGear Map Piece
4031209	SOS Letter
4031159	Maple History Book III
4031472	Piece of Courage
4031925	Cursing Nail
4031146	Animal Fossil
4031147	Plant Fossil
4031155	Broken Mirror Glass
4031239	The Letter to Camila
4031212	Cold Steam
4031311	Snow Crystal
4031256	Cold Tear
4031251	Sea Dust
4031253	Pianus's Scream
4031218	The Contract of Darkness
4031309	Cloud Piece
4031252	Wripped Note
4031254	Broken Flashlight
4031255	Broken Camera
4031926	Gray Tentacle
4031089	Screwdriver
4031090	Piece of Memory
4031093	Tasty Walnut
4031129	Savory Cheese
4031206	Ripped Travel Ticket 1
4031140	Dull Crystal
4031135	Dull Crystal
4031279	State-held Rice
4031269	Slippery Oil
4031241	Swallow's Lost Seed
4031115	Special Battery
4031102	Note
4031189	Aurora Marble
4031195	Aurora Marble
4031464	Ragged Wristband
4031436	Hook
4031694	Lumo's Leaf
4031432	The Legendary Being's Scroll <Advanced>
4031433	Kitty Spirit
4031139	Mariwakawa's Bag
4031405	Glass Shoes
4031680	Hyper Glyph
4031674	Elpam Magnet
4031164	Alligator Skin Pouch
4031170	Tachion
4031171	Mysterious Powder
4031175	Tachion
4031176	Piece of Cracked Dimension A
4031177	Piece of Cracked Dimension B
4031178	Piece of Cracked Dimension C
4031172	Ludibrium Medal
4031193	Soul Collector
4031412	Black Soul of Dark Rash
4031413	Black Soul of Dual Birk
4031414	Black Soul of Dark Cornian
4031415	Black Soul of Dark Wyvern
4001076	Manon's Cry
4001075	Cornian's Marrow
4001077	Tough Dragon Skin
4001079	Busted Dagger
4001104	Manon's Cry
4001103	Cornian's Marrow
4001105	Tough Dragon Skin
4031343	The Heroic Pentagon
4031344	The Heroic Star
4031511	Heroic Pentagon
4031512	Heroic Star
4031514	Heroic Pentagon
4031515	Heroic Star
4031517	Heroic Pentagon
4031518	Heroic Star
4031860	Heroic Pentagon
4031861	Heroic Star
4031465	Helena's Old Gloves
4031487	Helena's Old Gloves
4031449	Dragon Heart
4031482	Dragon Heart
4031483	Dragon Heart
4031484	Dragon Heart
4031485	Dragon Heart
4031466	Dark Soul Rock
4031470	Icy Soul Rock
4031469	Fire Soul Rock
4031474	Soul Contract
4031473	Key to the Other World
4031496	Key to the Other World
4031461	Life Roots
4032190	Orange Mushroom Doll
4032314	Orange Mushroom Horn
4032315	Cynical Orange Mushroom Puppet
4032316	Dejected Green Mushroom Puppet
4000483	Tiv's Feather
4032096	Proof of Exam
4032097	Proof of Exam
4032098	Proof of Exam
4032099	Proof of Exam
4032100	Proof of Exam
4032120	Proof of Qualification
4032121	Proof of Qualification
4032122	Proof of Qualification
4032123	Proof of Qualification
4032124	Proof of Qualification
4032125	Proof of Ability
4032126	Proof of Ability
4032127	Proof of Ability
4032128	Proof of Ability
4032129	Proof of Ability
4031872	Heart of Stone
4031871	Sturdy Leather
4031873	Spirit Viking Flags
4031874	Spirit Viking Token
4001112	[Storybook] Indecipherable Book
4001107	[Storybook]Black book
4001110	[Storybook] Unknown Letter
4031477	Lycanthrope's Plans
4031453	Magical Array of the Spirit
4031479	Sayram's Necklace
4031475	Key to the Forgotten Shrine
4031460	Cold Heart of a Wolf
4031457	Griffey Wind
4031458	Thanatos's Black Tornado
2280004	[Skill Book] Infinity
2280005	[Skill Book] Dragon's Breath
2280006	[Skill Book] Taunt
4020009	Piece of Time
4001008	Pass
4001007	Coupon
1452016	Maple Bow
4001022	Pass of Dimension
4001156	Pass of Dimension
4031013	Dark Marble
4031802	Jr. Sentinel Shellpiece
4031745	Parwen's Entry Pass
2022524	Golden Pig's Dazzling Egg
2020017	Strawberry Cream Cake
2020018	Chocolate Cream Cake
2022310	Chocolate Cream Cupcake
4007007	Magic Powder (Black)
4007002	Magic Powder (Blue)
4007000	Magic Powder (Brown)
4007003	Magic Powder (Green)
4007005	Magic Powder (Purple)
4007006	Magic Powder (Red)
4007001	Magic Powder (White)
4031059	Black Charm
4031857	Potent Wind Crystal
4032311	Sign of Acceptance
4032339	Red Jade
1452022	Maple Soul Searcher
1472030	Maple Claw
1472032	Maple Kandayo
1462014	Maple Crow
1462019	Maple Crossbow
1332025	Maple Wagner
1302020	Maple Sword
1382039	Maple Wisdom Staff
1332056	Maple Asura Dagger
1442024	Maple Scorpio
1432012	Maple Impaler
1382009	Maple Staff
1442037	The Gold Dragon
1322054	Maple Havoc Hammer
1422029	Maple Belzet
1312032	Maple Steel Axe
1432040	Maple Soul Spear
1442051	Maple Karstan
1482022	Maple Golden Claw
1332055	Maple Dark Mate
1462040	Maple Nishada
1472055	Maple Skanda
4031856	Potent Power Crystal
4032390	Tainted Horny Mushroom Cap
1382012	Maple Lama Staff
1492020	Maple Gun
1482021	Maple Storm Finger
1422014	Maple Doom Singer
4000472	Charmer's Flute
4000474	Lucky Hat
1412027	Maple Demon Axe
1092047	Maple Thief shield
1302064	Maple Glory Sword
1372034	Maple Shine Wand
1092030	Maple Shield
1482020	Maple Knuckle
1412011	Maple Dragon Axe
4000468	Somebody's Tire
1382015	Poison Mushroom
4000369	Stop Sign
4000370	Metal Pole
2020028	Chocolate
4000372	Fire Extinguisher
4000366	Waste Paper
4000367	Recycle Water Bottle
4000371	Speed Limit Sign
4001000	Arwen's Glass Shoes
4000368	Broken Wing
4000374	Headlight
4000375	Tires
4000376	Batteries
4000373	Ink
1002128	Blue Loosecap
4000380	Pink Essence
4001005	Ancient Scroll
4000379	Green Essence
4000382	Blue Essence
4000383	Red Essence
4000465	Coconut Husk
2040101	Scroll for Face Accessory for HP
2040311	Scroll for Earring for DEF
1072055	Pink Whitebottom Boots
4000466	Rebab
4000467	Yellow Wig
1332021	Plastic Bottle
1332029	Liu Bei Dagger
4000471	Rodeo's Master
1322012	Red Brick
1372008	Hinomaru Fan
1402017	Daiwa Sword
4000473	Dented Barrel
4030009	Omok Table
1102012	Red Justice Cape
1072018	Blue Sneakers
4000475	Lucky Bus Ticket
4000476	Toy Plane
4000477	Viking Helmet
1402033	Doombringer
1382028	Dark Ritual
4000478	Wooden Pony Tail
2070012	Paper Fighter Plane
2040613	Scroll for Bottomwear for DEX
2290126	[Mastery Book] Overswing
2290127	[Mastery Book] Overswing
2290128	[Mastery Book] High Mastery
2290129	[Mastery Book] High Mastery
2290130	[Mastery Book] Freeze Standing
2290131	[Mastery Book] Freeze Standing
2280015	[Skill Book] Combo Tempest
2290136	[Mastery Book] Combo Tempest
2290137	[Mastery Book] Combo Tempest
2280016	[Skill Book] Combo Barrier
2290138	[Mastery Book] Combo Barrier
2290139	[Mastery Book] Combo Barrier
2280014	[Skill Book] High Defense
2290134	[Mastery Book] High Defense
2290135	[Mastery Book] High Defense
2280013	[Skill Book] Final Blow
2290132	[Mastery Book] Final Blow
2290133	[Mastery Book] Final Blow
2383034	Tri-Tailed Fox Card
2381030	Meercat Card
2041045	Scroll for Cape for Weapon DEF
1302000	Sword
1040002	White Undershirt
1040006	Undershirt
2380002	Spore Card
1312004	Hand Axe
4001358	Long Strong Stick
1041002	White Tubetop
1322005	Wooden Club
4001359	Small Snail Shell
1041006	Yellow T-Shirt
1060022	Red Cloth Pants
1452002	War Bow
2100067	Bombs for Hunting Competition
2022266	Power Punch
2022267	Wing of the Wind
2022268	Crazy Skull
2022269	Shield
4001345	Sunglasses
4001343	Pig Vein
4001342	Pig Shaped Bottle
4001344	Dark Wooden Board
4001356	Flint
4001360	Piece of White Pants
4030010	Omok Piece : Octopus
1442013	Aqua Snowboard
1322023	Blue Flowery Tube
1072048	Brown Aroa Boots
2044804	Scroll for Knuckler for Attack 30%
1040018	Black Split Piece
2022189	Grilled Cheese
2041044	Scroll for Cape for Weapon DEF
2381004	Female Desert Rabbit Card
1040025	Red Bennis Chainmail
4032027	Coat Hanger
4032029	Duct Tape
4032030	Stretchy Material
4032028	Wad of Gum
2022247	Red Gummy Slime
2022248	Green Gummy Slime
2022249	Purple Gummy Slime
2022250	Orange Gummy Slime
2022251	Maple Pop
2022246	Pumpkin Taffy
2022244	Smore
2381005	Male Desert Rabbit Card
1442014	Silver Snowboard
4030016	Omok Piece : Trixter
4031072	A Key of the Magic Box
1322022	Red Flowery Tube
4001372	Wild Boar Leather
1002579	LeFay Jester
4000064	Crow Feather
2022014	Dango
2040013	Dark Scroll for Helmet for INT
2040719	Scroll for Shoes for DEX
2044904	Scroll for Gun for Attack 30%
1302027	Green Umbrella
1072056	Blue Whitebottom Boots
1082032	Bronze Mischief
4032023	Sparkplug
2060004	Diamond Arrow for Bow
2061004	Diamond Arrow for Crossbow
4001373	Evil Eye Eyeball
1040022	Green Bennis Chainmail
4000391	Boomer Core
1442011	Surfboard
1322024	Purple Tube
4000065	Raccoon Firewood
2022023	Tri-colored Dango
1442021	Yellow Mop
1432016	Orange Ski
1322010	Square Shovel
1322011	Pointed Shovel
2041046	Scroll for Cape for MaxHP
4000066	Cloud Foxtail
1302031	Diao Chan Sword
1002418	Newspaper Hat
2382001	Drum Bunny Card
2040424	Scroll for Topwear for LUK 70%
4031937	Jungle Lily
2022245	Heartstopper
4000399	Loaded Spring
4003000	Screw
1442028	Black Surfboard
4030014	Omok Piece : Pink Teddy
2043200	Scroll for One-Handed BW for ATT
4001006	Flaming Feather
4031523	Cherry Blossom Seed
4031992	Springy Worm
2044803	Scroll for Knuckler for Attack 70%
2044113	Scroll for Two-Handed Axe for Accuracy 30%
2044413	Scroll for Pole-Arm for Accuracy 30%
2043116	King Pepe's 60% Scroll for One-handed Axe Attacks
4000539	Cherry Bubble
2049208	Dark Scroll for Accessory for HP 70%
2049210	Dark Scroll for Accessory for MP 70%
4001125	Bloctopus Blueprint
4030013	Omok Piece : Bloctopus
4030015	Omok Piece : Panda Teddy
1032039	Eclipse Earrings
4000541	Mango Bubble
2040320	Scroll for Earring for LUK 70%
1322021	Black Tube
1442027	Green Surfboard
4031203	Halloween Candies
4000540	Melon Bubble
4032508	Secret Recipe
4031593	Lip Lock Key
2040932	Scroll for Shield for STR 30%
1002080	Red Bandana
4031098	All-purpose Clock Spring
4032005	Typhon Feather
2043108	[4yrAnniv]Scroll for One-Handed Axe for ATT
2044608	[4yrAnniv]Scroll for Crossbow for ATT
2040410	Dark Scroll for Topwear for LUK
2040612	Scroll for Bottomwear for DEX
1002090	Blue Bamboo Hat
4000222	Worn Paper Lantern
2060002	Steel Arrow for Bow
2040015	Dark Scroll for Helmet for Accuracy
2044408	[4yrAnniv]Scroll for Pole Arm for ATT
2040409	Dark scroll for Topwear for HP
2044108	[4yrAnniv]Scroll for Two-Handed Axe for ATT
2044208	[4yrAnniv]Scroll for Two-Handed BW for ATT
4032022	Diferium Fuel Cell
1002171	Red Guise
4000290	Porcupine Spine
4130022	Shield Production Stimulator
2060003	Red Arrow for Bow
1442018	Frozen Tuna
1442016	Dark Snowboard
2040030	Scroll for Helmet for DEX 30%
2061003	Blue Arrow for Crossbow
2041037	Dark scroll for Cape for INT
1072063	Brown Ankle-strap Sandals
2000010	Blue Pill
4000525	Kid Mannequin's Bunny Suit
4032506	Locker Key
4000526	Female Mannequin's Wig
4000527	Male Mannequin's Fedora
4000528	Latest Hits Compilation
4000529	Greatest Oldies
4000536	Cheap Speakers
4032509	Latest Model MP3
2049201	Dark Scroll for Accessory for STR 30%
2049203	Dark Scroll for Accessory for DEX 30%
2049205	Dark Scroll for Accessory for INT 30%
2049207	Dark Scroll for Accessory for LUK 30%
4130018	Armor Production Stimulator
2040608	Dark scroll for Bottomwear for HP
2040524	Overall Armor Scroll for DEF
2040814	Dark Scroll for Gloves for Magic Att.
1072064	Red Sneakers
1002026	Brown Bamboo Hat
1312012	Hula Hoop
2044008	[4yrAnniv]Scroll for Two-Handed Sword for ATT
2040412	Scroll for Topwear for LUK
1322025	Emergency Rescue Tube
2044313	Scroll for Spear for Accuracy 30%
1032032	Fallen Leaf Earrings
1452023	Cao Cao Bow
2043018	Scroll for One-Handed Sword for Accuracy 30%
2022017	Ramen
2040522	Scroll for Overall Armor for DEX
2040017	Scroll for Helmet for Accuracy
1332030	Fan
4000223	Cucumber
2040720	Scroll for Shoes for Jump
2044508	[4yrAnniv]Scroll for Bow for ATT
2000009	White Pill
2020008	Fat Sausage
2041039	Dark scroll for Cape for DEX
2040330	Scroll for Earring for INT 10%
2041041	Dark scroll for Cape for LUK
1452018	Bow of Magical Destruction
3010045	Ice Chair
2384018	Cyti Card
2044013	Scroll for Two-Handed Sword for Accuracy 30%
4031435	Captain Hat
4130020	Bottomwear Production Stimulator
2040414	Scroll for Topwear for LUK
4032007	Windraider Badge
2043113	Scroll for One-Handed Axe for Accuracy 30%
4000546	Silver Squishy Liquid
4000137	Subordinate D Fingernail
2041036	Dark scroll for Cape for INT
2043308	[4yrAnniv]Scroll for Dagger for ATT
1442025	Guan Yu Pole Arm
1092018	Seclusion Wristguard
2384030	Luinel Card
1442030	Maple Snowboard
4031741	Magic Stone of Trust
4000549	Overlord B Radar Device
2040624	Scroll for Bottomwear for DEX 70%
4000548	Overlord A Radar Device
2040322	Scroll for Earring for LUK 30%
4000551	Iruvata Laser Sword
4032475	Lycanthrope Leather
4032006	Stormbreaker Badge
4031740	Magic Stone of Honesty
4000552	Afterlord Chained Tire
2385010	Pirate Card
4000553	Prototype Lord Propulsion System
2040028	Scroll for Helmet for DEX 70%
4000554	Maverick Type A Component
4000555	Maverick Type S Laser Gun
2040325	Scroll for Earring for HP 70%
4000557	Imperial Guard Vacuum Tube
2049001	Clean Slate Scroll 3%
1442026	Red Surfboard
4000558	Royal Guard Armor
2044213	Scroll for Two-Handed BW for Accuracy 30%
2040611	Dark Scroll for Bottomwear for DEX
1402013	Japanese Map
1302026	Black Umbrella
4032010	Elder Ashes
4032011	Soiled Rags
2290017	[Mastery Book] Enrage
2290021	[Mastery Book] Heaven's Hammer
2290023	[Mastery Book] Berserk
2290041	[Mastery Book] Meteor Shower
2290047	[Mastery Book] Blizzard
2290049	[Mastery Book] Genesis
2290065	[Mastery Book] Concentrate
2290075	[Mastery Book] Snipe
2290085	[Mastery Book] Triple Throw
2290095	[Mastery Book] Smokescreen
2290096	[Mastery Book] Maple Warrior
2290111	[Mastery Book] Time Leap
2290116	[Mastery Book] Air Strike
2290125	[Mastery Book] Maple Warrior
2040310	Scroll for Earring for DEF
2043708	[4yrAnniv]Scroll for Wand for Magic Att.
2041038	Dark scroll for Cape for DEX
4032009	Nightshadow Badge
4031903	Jack O'Lantern
2002025	Barbarian Elixir
2002024	Sorcerer Elixir
2040016	Scroll for Helmet for Accuracy
2040411	Dark Scroll for Topwear for LUK
4031905	Pianus Scale
4032013	Bigfoot's Toe
1092042	Gellerhead Shield
1052076	Blue Czar
4000224	Sabots
4031902	Tengu Nose
2022025	Takoyaki (jumbo)
2041035	Dark scroll for Cape for STR
1032027	Black Emerald Earrings
1402037	Stonetooth Sword
4032012	Crimson Heart
2040327	Scroll for Earring for HP 30%
2040721	Scroll for Shoes for Jump
2040912	[4yrAnniv]Scroll for Shield for DEF
4001004	"Blackbull's" deed to the land
2386002	Viking Card
2382042	Barnard Grey Card
2382055	Zeta Grey Card
2382067	Ultra Grey Card
2383011	Chief Grey Card
4001354	Young Soul
4031773	Dry Branch
4032399	Recording Charm
4032008	Firebrand Badge
2385015	Dual Pirate Card
2022355	Cronos' Egg
2022354	Tick-Tock's Egg
2382003	Fireboar Card
2382008	Sand Dwarf Card
2382010	Red Sand Dwarf Card
2382046	Desert Giant Card
2383005	Mummy Dog Card
2383020	Luster Pixie Card
2384031	Homunculu Card
2384034	D.Roy Card
2388015	Elliza Card
2388032	Kimera Card
4001120	Mark of the Rookie Pirate
4001121	Mark of the Rising Pirate
4001122	Mark of the Veteran Pirate
4001117	Old Metal Key
2022131	Ginseng Concentrate
2022132	Bellflower Concentrate
2022157	Carnival Point 1
2022158	Carnival Point 2
2022159	Carnival Point 3
2022160	Party Mana Elixir
2022161	Party Elixir
2022162	Party Power Elixir
2022163	Party All Cure Potion
2022164	Mini Cube of Darkness
2022165	Cube of Darkness
2022166	Stunner
2022174	White Potion
2022175	Elixir
2022176	Power Elixir
2022177	Mana Elixir
2022178	All-Cure Potion
4001129	Maple Coin
4001161	Concentrated Poison
2020002	Cake
2020004	Hamburger
2020011	W Ramen
2020019	Chocolate Cake
2020020	Wedding Cake
1112407	Circle of Ancient Thought
1112408	Circle of Ancient Strength
1052166	Invincible Agent Suit
1122001	Bow-tie(Green)
1122002	Bow-tie (Red)
1122004	Bow-tie (Pink)
1122005	Bow-tie (Black)
1122006	Bow-tie (Blue)
1132009	Violet Cookie Belt
2383016	Reinforced Mithril Mutae
2383028	Roid Card
4001050	1st Small Piece
4001052	5th Small Piece
4001074	Transparent Item
4001053	Strange Seed
4001026	Key
4001027	Medal of Valor
4001028	Scroll of Wisdom
4001035	Mark of Evil
4001036	.
4032004	Crimson Wood 
4032003	Phantom Seed
2043700	Scroll for Wand for Magic Att.
4001087	Crystal Key : 1st Room of Maze
4001088	Crystal Key : 2nd Room of Maze
4001089	Crystal Key : 3rd Room of Maze
4001090	Crystal Key : 4th Room of Maze
4001091	Crystal Key : 5th Room of Maze
4001092	Red Key
4001093	Blue Key
4001080	Mark of the Squad 1
4001081	Mark of the Squad 2
4001082	Mark of the Squad 3
1032042	Maple Earring
1442054	Red Surfboard
1032045	Celestial Earrings
1302028	Light Purple Umbrella
1302025	Red Umbrella
1032050	Snail's Eye
1442050	White Valentine Rose
1442055	Green Surfboard
1032044	Moonstar Earrings
1302029	Beige Umbrella
1442066	Bullseye Board
1092052	Black Phoenix Shield
1082150	Grey Work Gloves
2040519	Dark scroll for Overall Armor for INT
2044705	Dark scroll for Claw for ATT
2022130	Blossom Juice
2022191	Supreme Pizza
2290045	[Mastery Book] Ifrit
2290081	[Mastery Book] Taunt
2290087	[Mastery Book] Ninja Storm
4000538	Spirit of Rock's Music Score
4001367	Ripped Paper-1
4001368	Ripped Paper-2
4001369	Ripped Paper-3
4001370	Ripped Paper-4
4001371	Ripped Paper-5
4001317	Helmet Pepe's Helmet
4001364	Orange Mushroom Sample
4001365	Octopus Sample
4032137	Bubbling Doll
4032139	Old Key
4001357	Pork
4001361	Ink
4032146	Wooden Mask Doll
4032147	Rocky Mask Doll
4032511	Andy's Pocket Watch
4000545	Red Squishy Liquid
4000547	Gold Squishy Liquid
4032513	Wrinkled Sketchbook Loose-Leaf
4032514	Shelter Key
4032516	Dunas's Time Sand
4032517	Aufheben's Time Sand
4032518	Oberon's Time Sand
4031568	Cat's Eye
4031737	Homunculus's Blood
4032317	Dejected Green Mushroom Puppet
4032318	Dejected Green Mushroom Puppet
4001341	Broken Iron Fragment
4001347	Ellinia Tree Barrel
4001348	Memory Fragment
4001349	Octopus Leg Stick
4001350	Pumpkin Head
4001351	Devil Hunting Scroll
4001352	Lost Book
4001362	Old Worn-out Paper
4001363	Old Key
1012098	Maple Leaf
1012101	Maple Leaf
1012102	Maple Leaf
1012103	Maple Leaf
1032040	Maple Earring
1032041	Maple Earring
1002508	Maple Hat
1002509	Maple Hat
1002510	Maple Hat
1002511	Maple Hat
1002758	Maple Hat (level 4)
1102166	Maple Cape
1102167	Maple Cape
1102168	Maple Cape
1082252	Maple Gage
1302033	Maple Flag
1302058	Maple Umbrella
1302065	Blue Maple Flag
2010005	Honey
2010006	Pot of Honey
2020022	White Chocolate
2020023	Dark Chocolate
2020024	Chocolate Basket
2020025	Pineapple Candy
2020026	Strawberry Candy
2020027	Candy Basket
2020032	Birthday Cake
2022004	Song Pyun
2022005	Han Gwa
2022006	Rice-Cake Soup
2022015	Mushroom Miso Ramen
2022031	Cookie
2022043	Fruity Candy
2022044	New Year Rice Cake
2022045	New Year Lunchbox
2022047	Cooked Sea Bream
2022058	Dumpling
2022068	Yellow Cider
2022069	Red Cider
2022071	Korean Warrior
2022072	Forza Corea
2022075	Mini Coke
2022079	Barbecue
2022117	Maple Syrup
2022190	Cherry Pie
2022195	Mapleade
2022276	Chocolate Wafers
2040315	[4yrAnniv]Scroll for Earring for INT
2041059	[4yrAnniv] Scroll for Cape for STR 20%
2041060	[4yrAnniv] Scroll for Cape for INT 20%
2041061	[4yrAnniv] Scroll for Cape for DEX 20%
2041062	[4yrAnniv] Scroll for Cape for LUK 20%
2043013	[4yrAnniv]Scroll for One-Handed Sword for ATT
2043208	[4yrAnniv]Scroll for One-Handed BW for ATT
2043808	[4yrAnniv]Scroll for Staff for Magic Att.
2044308	[4yrAnniv]Scroll for Spear for ATT
2044708	[4yrAnniv]Scroll for Claw for ATT
2044810	[4yrAnniv] Scroll for Knuckle for Attack 40%
2044905	[4yrAnniv] Gun for Attack 40%
2100120	Snail Summoning Sack
2100121	Slime Summoning Sack
2101023	Monster Sack (Slime Gold)
2101000	Summoning Mushmom
2101001	Summoning Crimson Balrog
2101013	Summon Showa Boss
2101110	Monster Summoning Sack(Leviathan)
3010025	Under the Maple Tree...
4011000	Bronze Plate
4011001	Steel Plate
4011002	Mithril Plate
4011003	Adamantium Plate
4011004	Silver Plate
4011005	Orihalcon Plate
4011006	Gold Plate
4011008	Lidium
4021000	Garnet
4021001	Amethyst
4021002	AquaMarine
4021003	Emerald
4021004	Opal
4021005	Sapphire
4021006	Topaz
4021007	Diamond
4031348	Secret Spell Scroll
2383007	Mithril Mutae Card
4032374	Letter of Commendation - Warrior Adventurer
4032376	Letter of Commendation - Magician Adventurer
4032377	Letter of Commendation - Bowman Adventurer
4032378	Letter of Commendation - Thief Adventurer
4032379	Letter of Commendation - Pirate Adventurer
1002858	MV's Hat (STR)
1002859	MV's Hat (DEX)
1002860	MV's Hat (INT)
1002861	MV's Hat (LUK)
2022020	Kinoko Ramen(salt)
2040404	Dark scroll for Topwear for DEF
2044205	Dark scroll for Two-handed BW for ATT
1402014	Thermometer
4000077	Dark Cloud Foxtail
2022019	Kinoko Ramen(pig head)
2022022	Fish Cake(dish)
2043305	Dark scroll for Dagger for ATT
4000094	Boss's Pomade
4032321	Annoyed Zombie Mushroom Doll
4032326	Wooden Key
4032401	Gold Poison Sting
4032402	Sand Mole Hat
4032521	VIP Invitation
4001207	Black Scale
4031217	Golden Key
4031448	Deathly Fear
4000089	Littleman A's Badge
4000090	Littleman B's Name Plate
4000091	Littleman C's Necklace
4000092	Leader A's Shades
4000093	Leader B's Charm
4031524	Silk Feather
4031527	White/Purple Ribbon Gift Box
4031447	Bob's Snail Shell
2290113	[Mastery Book] Elemental Boost
2040103	Dark Scroll for Face Accessory for HP
2040209	Dark Scroll for Eye Accessory for INT
2040204	Dark Scroll for Eye Accessory for Accuracy
2040100	Scroll for Face Accessory for HP
2040201	Scroll for Eye Accessory for Accuracy
2040105	Scroll for Face Accessory for Avoidability
2040208	Dark Scroll for Eye Accessory for INT
2040206	Scroll for Eye Accessory for INT
2040108	Dark Scroll for Face Accessory for Avoidability
2040102	Scroll for Face Accessory for HP
2040107	Scroll for Face Accessory for Avoidability
2040202	Scroll for Eye Accessory for Accuracy
2040207	Scroll for Eye Accessory for INT
2040104	Dark Scroll for Face Accessory for HP
2040109	Dark Scroll for Face Accessory for Avoidability
2040203	Dark Scroll for Eye Accessory for Accuracy
2040205	Scroll for Eye Accessory for INT
2048010	Scroll for Pet Equip. for STR 60%
2048011	Scroll for Pet Equip. for INT 60%
2048012	Scroll for Pet Equip. for DEX 60%
2048013	Scroll for Pet Equip. for LUK 60%
